size,lang,task,instruction_models,gamma_instr,gamma_pref,dev_accuracy,test_accuracy
3B,en,AB,BC_CB,0.3,0.6,378,
3B,en,AB,BC_CB,0.3,0.3,376,
3B,en,AB,BC_CB,0.3,0.8999999999999999,371,
3B,en,AB,BC_CB,0.3,1.2,352,
3B,en,AB,BC_CB,0.3,1.5,327,
3B,en,AB,BC_CB,0.3,1.8,288,
3B,en,AB,BC_CB,0.6,0.6,398,394.0
3B,en,AB,BC_CB,0.6,0.3,392,
3B,en,AB,BC_CB,0.6,0.8999999999999999,397,
3B,en,AB,BC_CB,0.6,1.2,390,
3B,en,AB,BC_CB,0.6,1.5,348,
3B,en,AB,BC_CB,0.6,1.8,334,
3B,en,AB,BC_CB,0.8999999999999999,0.3,388,
3B,en,AB,BC_CB,0.8999999999999999,0.6,396,
3B,en,AB,BC_CB,0.8999999999999999,0.8999999999999999,396,
3B,en,AB,BC_CB,0.8999999999999999,1.2,391,
3B,en,AB,BC_CB,0.8999999999999999,1.5,382,
3B,en,AB,BC_CB,0.8999999999999999,1.8,370,
3B,en,AB,BC_CB,1.2,0.3,389,
3B,en,AB,BC_CB,1.2,0.6,396,
3B,en,AB,BC_CB,1.2,0.8999999999999999,394,
3B,en,AB,BC_CB,1.2,1.2,388,
3B,en,AB,BC_CB,1.2,1.5,378,
3B,en,AB,BC_CB,1.2,1.8,368,
3B,en,AB,BC_CB,1.5,0.3,385,
3B,en,AB,BC_CB,1.5,0.6,392,
3B,en,AB,BC_CB,1.5,0.8999999999999999,391,
3B,en,AB,BC_CB,1.5,1.2,385,
3B,en,AB,BC_CB,1.5,1.5,375,
3B,en,AB,BC_CB,1.5,1.8,366,
3B,en,AB,BC_CB,1.8,0.3,379,
3B,en,AB,BC_CB,1.8,0.6,390,
3B,en,AB,BC_CB,1.8,0.8999999999999999,386,
3B,en,AB,BC_CB,1.8,1.2,377,
3B,en,AB,BC_CB,1.8,1.5,372,
3B,en,AB,BC_CB,1.8,1.8,366,
3B,en,AB,BC_CB,2.1,0.3,379,
3B,en,AB,BC_CB,2.1,0.6,384,
3B,en,AB,BC_CB,2.1,0.8999999999999999,382,
3B,en,AB,BC_CB,2.1,1.2,375,
3B,en,AB,BC_CB,2.1,1.5,368,
3B,en,AB,BC_CB,2.1,1.8,360,
3B,en,AB,BC_CB,2.4,0.3,376,
3B,en,AB,BC_CB,2.4,0.6,382,
3B,en,AB,BC_CB,2.4,0.8999999999999999,378,
3B,en,AB,BC_CB,2.4,1.2,373,
3B,en,AB,BC_CB,2.4,1.5,364,
3B,en,AB,BC_CB,2.4,1.8,357,
3B,en,AB,BC_CB,2.7,0.3,374,
3B,en,AB,BC_CB,2.7,0.6,379,
3B,en,AB,BC_CB,2.7,0.8999999999999999,372,
3B,en,AB,BC_CB,2.7,1.2,371,
3B,en,AB,BC_CB,2.7,1.5,362,
3B,en,AB,BC_CB,2.7,1.8,356,
3B,en,AB,BC_CB,3.0,0.3,371,
3B,en,AB,BC_CB,3.0,0.6,374,
3B,en,AB,BC_CB,3.0,0.8999999999999999,370,
3B,en,AB,BC_CB,3.0,1.2,366,
3B,en,AB,BC_CB,3.0,1.5,360,
3B,en,AB,BC_CB,3.0,1.8,355,
3B,en,AB,BC_CB,0.3999999999999999,0.3999999999999999,397,
3B,en,AB,BC_CB,0.3999999999999999,0.5,393,
3B,en,AB,BC_CB,0.3999999999999999,0.6000000000000001,389,
3B,en,AB,BC_CB,0.3999999999999999,0.7000000000000001,379,
3B,en,AB,BC_CB,0.3999999999999999,0.8,372,
3B,en,AB,BC_CB,0.5,0.3999999999999999,395,
3B,en,AB,BC_CB,0.5,0.5,397,
3B,en,AB,BC_CB,0.5,0.6000000000000001,398,
3B,en,AB,BC_CB,0.5,0.7000000000000001,398,
3B,en,AB,BC_CB,0.5,0.8,394,
3B,en,AB,BC_CB,0.6000000000000001,0.3999999999999999,395,
3B,en,AB,BC_CB,0.6000000000000001,0.5,397,
3B,en,AB,BC_CB,0.6000000000000001,0.7000000000000001,398,
3B,en,AB,BC_CB,0.6000000000000001,0.8,398,
3B,en,AB,BC_CB,0.7000000000000001,0.3999999999999999,394,
3B,en,AB,BC_CB,0.7000000000000001,0.5,398,
3B,en,AB,BC_CB,0.7000000000000001,0.7000000000000001,397,
3B,en,AB,BC_CB,0.7000000000000001,0.6000000000000001,398,
3B,en,AB,BC_CB,0.7000000000000001,0.8,397,
3B,en,AB,BC_CB,0.8,0.3999999999999999,395,
3B,en,AB,BC_CB,0.8,0.5,396,
3B,en,AB,BC_CB,0.8,0.6000000000000001,397,
3B,en,AB,BC_CB,0.8,0.7000000000000001,397,
3B,en,AB,BC_CB,0.8,0.8,397,
3B,en,AB,CA_AC,0.3,0.3,396,
3B,en,AB,CA_AC,0.3,0.6,397,394.0
3B,en,AB,CA_AC,0.3,0.8999999999999999,395,
3B,en,AB,CA_AC,0.3,1.2,346,
3B,en,AB,CA_AC,0.3,1.5,197,
3B,en,AB,CA_AC,0.3,1.8,30,
3B,en,AB,CA_AC,0.6,0.3,390,
3B,en,AB,CA_AC,0.6,0.6,394,
3B,en,AB,CA_AC,0.6,1.2,387,
3B,en,AB,CA_AC,0.6,0.8999999999999999,393,
3B,en,AB,CA_AC,0.6,1.5,380,
3B,en,AB,CA_AC,0.6,1.8,359,
3B,en,AB,CA_AC,0.8999999999999999,0.6,383,
3B,en,AB,CA_AC,0.8999999999999999,0.3,372,
3B,en,AB,CA_AC,0.8999999999999999,0.8999999999999999,384,
3B,en,AB,CA_AC,0.8999999999999999,1.2,381,
3B,en,AB,CA_AC,0.8999999999999999,1.5,376,
3B,en,AB,CA_AC,0.8999999999999999,1.8,366,
3B,en,AB,CA_AC,1.2,0.3,356,
3B,en,AB,CA_AC,1.2,0.6,374,
3B,en,AB,CA_AC,1.2,0.8999999999999999,372,
3B,en,AB,CA_AC,1.2,1.2,368,
3B,en,AB,CA_AC,1.2,1.5,364,
3B,en,AB,CA_AC,1.2,1.8,362,
3B,en,AB,CA_AC,1.5,0.3,352,
3B,en,AB,CA_AC,1.5,0.6,362,
3B,en,AB,CA_AC,1.5,0.8999999999999999,366,
3B,en,AB,CA_AC,1.5,1.2,365,
3B,en,AB,CA_AC,1.5,1.5,358,
3B,en,AB,CA_AC,1.5,1.8,353,
3B,en,AB,CA_AC,1.8,0.3,344,
3B,en,AB,CA_AC,1.8,0.6,356,
3B,en,AB,CA_AC,1.8,0.8999999999999999,358,
3B,en,AB,CA_AC,1.8,1.2,358,
3B,en,AB,CA_AC,1.8,1.5,351,
3B,en,AB,CA_AC,1.8,1.8,349,
3B,en,AB,CA_AC,2.1,0.3,338,
3B,en,AB,CA_AC,2.1,0.6,348,
3B,en,AB,CA_AC,2.1,0.8999999999999999,353,
3B,en,AB,CA_AC,2.1,1.2,353,
3B,en,AB,CA_AC,2.1,1.5,350,
3B,en,AB,CA_AC,2.1,1.8,346,
3B,en,AB,CA_AC,2.4,0.6,342,
3B,en,AB,CA_AC,2.4,0.3,334,
3B,en,AB,CA_AC,2.4,0.8999999999999999,346,
3B,en,AB,CA_AC,2.4,1.2,349,
3B,en,AB,CA_AC,2.4,1.5,347,
3B,en,AB,CA_AC,2.4,1.8,345,
3B,en,AB,CA_AC,2.7,0.3,330,
3B,en,AB,CA_AC,2.7,0.6,341,
3B,en,AB,CA_AC,2.7,0.8999999999999999,346,
3B,en,AB,CA_AC,2.7,1.2,346,
3B,en,AB,CA_AC,2.7,1.5,344,
3B,en,AB,CA_AC,2.7,1.8,345,
3B,en,AB,CA_AC,3.0,0.3,327,
3B,en,AB,CA_AC,3.0,0.6,340,
3B,en,AB,CA_AC,3.0,0.8999999999999999,341,
3B,en,AB,CA_AC,3.0,1.2,344,
3B,en,AB,CA_AC,3.0,1.5,347,
3B,en,AB,CA_AC,3.0,1.8,342,
3B,en,AB,CA_AC,0.0999999999999999,0.3999999999999999,364,
3B,en,AB,CA_AC,0.0999999999999999,0.5,363,
3B,en,AB,CA_AC,0.0999999999999999,0.6000000000000001,338,
3B,en,AB,CA_AC,0.0999999999999999,0.7000000000000001,300,
3B,en,AB,CA_AC,0.0999999999999999,0.8,275,
3B,en,AB,CA_AC,0.1999999999999999,0.3999999999999999,395,
3B,en,AB,CA_AC,0.1999999999999999,0.6000000000000001,393,
3B,en,AB,CA_AC,0.1999999999999999,0.5,396,
3B,en,AB,CA_AC,0.1999999999999999,0.7000000000000001,385,
3B,en,AB,CA_AC,0.1999999999999999,0.8,378,
3B,en,AB,CA_AC,0.3,0.3999999999999999,396,
3B,en,AB,CA_AC,0.3,0.5,396,
3B,en,AB,CA_AC,0.3,0.7000000000000001,397,
3B,en,AB,CA_AC,0.3,0.8,396,
3B,en,AB,CA_AC,0.4,0.5,395,
3B,en,AB,CA_AC,0.4,0.3999999999999999,394,
3B,en,AB,CA_AC,0.4,0.6000000000000001,397,
3B,en,AB,CA_AC,0.4,0.7000000000000001,397,
3B,en,AB,CA_AC,0.4,0.8,396,
3B,en,AB,CA_AC,0.5,0.3999999999999999,394,
3B,en,AB,CA_AC,0.5,0.6000000000000001,396,
3B,en,AB,CA_AC,0.5,0.5,394,
3B,en,AB,CA_AC,0.5,0.7000000000000001,396,
3B,en,AB,CA_AC,0.5,0.8,396,
3B,en,BC,CA_AC,0.3,0.6,399,
3B,en,BC,CA_AC,0.3,0.3,395,
3B,en,BC,CA_AC,0.3,0.8999999999999999,399,
3B,en,BC,CA_AC,0.3,1.2,400,397.0
3B,en,BC,CA_AC,0.3,1.5,391,
3B,en,BC,CA_AC,0.3,1.8,362,
3B,en,BC,CA_AC,0.6,0.3,396,
3B,en,BC,CA_AC,0.6,0.6,399,
3B,en,BC,CA_AC,0.6,0.8999999999999999,400,
3B,en,BC,CA_AC,0.6,1.2,400,
3B,en,BC,CA_AC,0.6,1.5,399,
3B,en,BC,CA_AC,0.6,1.8,399,
3B,en,BC,CA_AC,0.8999999999999999,0.3,399,
3B,en,BC,CA_AC,0.8999999999999999,0.6,400,
3B,en,BC,CA_AC,0.8999999999999999,0.8999999999999999,400,
3B,en,BC,CA_AC,0.8999999999999999,1.2,400,
3B,en,BC,CA_AC,0.8999999999999999,1.5,399,
3B,en,BC,CA_AC,0.8999999999999999,1.8,399,
3B,en,BC,CA_AC,1.2,0.3,400,
3B,en,BC,CA_AC,1.2,0.6,400,
3B,en,BC,CA_AC,1.2,0.8999999999999999,400,
3B,en,BC,CA_AC,1.2,1.2,399,
3B,en,BC,CA_AC,1.2,1.5,398,
3B,en,BC,CA_AC,1.2,1.8,398,
3B,en,BC,CA_AC,1.5,0.6,400,
3B,en,BC,CA_AC,1.5,0.3,400,
3B,en,BC,CA_AC,1.5,1.2,398,
3B,en,BC,CA_AC,1.5,0.8999999999999999,400,
3B,en,BC,CA_AC,1.5,1.5,398,
3B,en,BC,CA_AC,1.5,1.8,397,
3B,en,BC,CA_AC,1.8,0.3,400,
3B,en,BC,CA_AC,1.8,0.6,400,
3B,en,BC,CA_AC,1.8,0.8999999999999999,399,
3B,en,BC,CA_AC,1.8,1.2,398,
3B,en,BC,CA_AC,1.8,1.5,398,
3B,en,BC,CA_AC,1.8,1.8,397,
3B,en,BC,CA_AC,2.1,0.3,400,
3B,en,BC,CA_AC,2.1,0.6,399,
3B,en,BC,CA_AC,2.1,1.2,397,
3B,en,BC,CA_AC,2.1,0.8999999999999999,398,
3B,en,BC,CA_AC,2.1,1.5,397,
3B,en,BC,CA_AC,2.1,1.8,390,
3B,en,BC,CA_AC,2.4,0.3,399,
3B,en,BC,CA_AC,2.4,0.6,399,
3B,en,BC,CA_AC,2.4,1.2,397,
3B,en,BC,CA_AC,2.4,0.8999999999999999,397,
3B,en,BC,CA_AC,2.4,1.5,388,
3B,en,BC,CA_AC,2.4,1.8,364,
3B,en,BC,CA_AC,2.7,0.6,398,
3B,en,BC,CA_AC,2.7,0.3,398,
3B,en,BC,CA_AC,2.7,0.8999999999999999,394,
3B,en,BC,CA_AC,2.7,1.2,387,
3B,en,BC,CA_AC,2.7,1.8,282,
3B,en,BC,CA_AC,2.7,1.5,352,
3B,en,BC,CA_AC,3.0,0.6,390,
3B,en,BC,CA_AC,3.0,0.3,395,
3B,en,BC,CA_AC,3.0,0.8999999999999999,368,
3B,en,BC,CA_AC,3.0,1.2,315,
3B,en,BC,CA_AC,3.0,1.5,264,
3B,en,BC,CA_AC,3.0,1.8,214,
3B,en,BC,CA_AC,0.0999999999999999,1.1,301,
3B,en,BC,CA_AC,0.0999999999999999,1.0,316,
3B,en,BC,CA_AC,0.0999999999999999,1.2000000000000002,285,
3B,en,BC,CA_AC,0.0999999999999999,1.3000000000000005,263,
3B,en,BC,CA_AC,0.0999999999999999,1.4000000000000004,233,
3B,en,BC,CA_AC,0.1999999999999999,1.0,392,
3B,en,BC,CA_AC,0.1999999999999999,1.1,389,
3B,en,BC,CA_AC,0.1999999999999999,1.2000000000000002,385,
3B,en,BC,CA_AC,0.1999999999999999,1.3000000000000005,377,
3B,en,BC,CA_AC,0.1999999999999999,1.4000000000000004,362,
3B,en,BC,CA_AC,0.3,1.0,399,
3B,en,BC,CA_AC,0.3,1.1,400,
3B,en,BC,CA_AC,0.3,1.3000000000000005,397,
3B,en,BC,CA_AC,0.3,1.4000000000000004,394,
3B,en,BC,CA_AC,0.4,1.0,399,
3B,en,BC,CA_AC,0.4,1.1,400,
3B,en,BC,CA_AC,0.4,1.2000000000000002,400,
3B,en,BC,CA_AC,0.4,1.3000000000000005,399,
3B,en,BC,CA_AC,0.4,1.4000000000000004,399,
3B,en,BC,CA_AC,0.5,1.0,400,
3B,en,BC,CA_AC,0.5,1.1,400,
3B,en,BC,CA_AC,0.5,1.2000000000000002,400,
3B,en,BC,CA_AC,0.5,1.3000000000000005,399,
3B,en,BC,CA_AC,0.5,1.4000000000000004,399,
3B,en,BC,AB_BA,0.3,0.6,397,
3B,en,BC,AB_BA,0.3,0.3,395,
3B,en,BC,AB_BA,0.3,0.8999999999999999,353,
3B,en,BC,AB_BA,0.3,1.2,212,
3B,en,BC,AB_BA,0.3,1.8,46,
3B,en,BC,AB_BA,0.3,1.5,94,
3B,en,BC,AB_BA,0.6,0.6,399,
3B,en,BC,AB_BA,0.6,0.3,398,
3B,en,BC,AB_BA,0.6,0.8999999999999999,399,
3B,en,BC,AB_BA,0.6,1.2,399,
3B,en,BC,AB_BA,0.6,1.8,376,
3B,en,BC,AB_BA,0.6,1.5,398,
3B,en,BC,AB_BA,0.8999999999999999,0.3,397,
3B,en,BC,AB_BA,0.8999999999999999,0.6,399,
3B,en,BC,AB_BA,0.8999999999999999,0.8999999999999999,399,
3B,en,BC,AB_BA,0.8999999999999999,1.2,399,
3B,en,BC,AB_BA,0.8999999999999999,1.8,398,
3B,en,BC,AB_BA,0.8999999999999999,1.5,399,
3B,en,BC,AB_BA,1.2,0.3,397,
3B,en,BC,AB_BA,1.2,0.6,398,
3B,en,BC,AB_BA,1.2,0.8999999999999999,398,
3B,en,BC,AB_BA,1.2,1.2,398,
3B,en,BC,AB_BA,1.2,1.5,398,
3B,en,BC,AB_BA,1.2,1.8,397,
3B,en,BC,AB_BA,1.5,0.3,394,
3B,en,BC,AB_BA,1.5,0.6,398,
3B,en,BC,AB_BA,1.5,0.8999999999999999,398,
3B,en,BC,AB_BA,1.5,1.2,398,
3B,en,BC,AB_BA,1.5,1.5,396,
3B,en,BC,AB_BA,1.5,1.8,396,
3B,en,BC,AB_BA,1.8,0.3,389,
3B,en,BC,AB_BA,1.8,0.6,396,
3B,en,BC,AB_BA,1.8,0.8999999999999999,397,
3B,en,BC,AB_BA,1.8,1.2,396,
3B,en,BC,AB_BA,1.8,1.5,394,
3B,en,BC,AB_BA,1.8,1.8,387,
3B,en,BC,AB_BA,2.1,0.3,379,
3B,en,BC,AB_BA,2.1,0.6,393,
3B,en,BC,AB_BA,2.1,0.8999999999999999,393,
3B,en,BC,AB_BA,2.1,1.2,393,
3B,en,BC,AB_BA,2.1,1.5,389,
3B,en,BC,AB_BA,2.1,1.8,385,
3B,en,BC,AB_BA,2.4,0.3,368,
3B,en,BC,AB_BA,2.4,0.6,388,
3B,en,BC,AB_BA,2.4,0.8999999999999999,391,
3B,en,BC,AB_BA,2.4,1.2,387,
3B,en,BC,AB_BA,2.4,1.5,387,
3B,en,BC,AB_BA,2.4,1.8,383,
3B,en,BC,AB_BA,2.7,0.3,354,
3B,en,BC,AB_BA,2.7,0.6,381,
3B,en,BC,AB_BA,2.7,0.8999999999999999,387,
3B,en,BC,AB_BA,2.7,1.2,387,
3B,en,BC,AB_BA,2.7,1.5,385,
3B,en,BC,AB_BA,2.7,1.8,382,
3B,en,BC,AB_BA,3.0,0.3,337,
3B,en,BC,AB_BA,3.0,0.6,374,
3B,en,BC,AB_BA,3.0,0.8999999999999999,383,
3B,en,BC,AB_BA,3.0,1.2,384,
3B,en,BC,AB_BA,3.0,1.5,381,
3B,en,BC,AB_BA,3.0,1.8,381,
3B,en,BC,AB_BA,0.3999999999999999,0.5,400,398.0
3B,en,BC,AB_BA,0.3999999999999999,0.3999999999999999,399,
3B,en,BC,AB_BA,0.3999999999999999,0.7000000000000001,400,
3B,en,BC,AB_BA,0.3999999999999999,0.6000000000000001,400,
3B,en,BC,AB_BA,0.3999999999999999,0.8,399,
3B,en,BC,AB_BA,0.5,0.3999999999999999,400,
3B,en,BC,AB_BA,0.5,0.5,400,
3B,en,BC,AB_BA,0.5,0.6000000000000001,400,
3B,en,BC,AB_BA,0.5,0.7000000000000001,400,
3B,en,BC,AB_BA,0.5,0.8,399,
3B,en,BC,AB_BA,0.6000000000000001,0.5,399,
3B,en,BC,AB_BA,0.6000000000000001,0.3999999999999999,399,
3B,en,BC,AB_BA,0.6000000000000001,0.8,399,
3B,en,BC,AB_BA,0.6000000000000001,0.7000000000000001,399,
3B,en,BC,AB_BA,0.7000000000000001,0.3999999999999999,399,
3B,en,BC,AB_BA,0.7000000000000001,0.5,399,
3B,en,BC,AB_BA,0.7000000000000001,0.6000000000000001,399,
3B,en,BC,AB_BA,0.7000000000000001,0.7000000000000001,399,
3B,en,BC,AB_BA,0.7000000000000001,0.8,399,
3B,en,BC,AB_BA,0.8,0.3999999999999999,399,
3B,en,BC,AB_BA,0.8,0.5,399,
3B,en,BC,AB_BA,0.8,0.6000000000000001,399,
3B,en,BC,AB_BA,0.8,0.7000000000000001,399,
3B,en,BC,AB_BA,0.8,0.8,399,
3B,en,CA,AB_BA,0.3,0.6,367,
3B,en,CA,AB_BA,0.3,0.3,386,
3B,en,CA,AB_BA,0.3,0.8999999999999999,139,
3B,en,CA,AB_BA,0.3,1.2,72,
3B,en,CA,AB_BA,0.3,1.5,175,
3B,en,CA,AB_BA,0.3,1.8,70,
3B,en,CA,AB_BA,0.6,0.6,387,384.0
3B,en,CA,AB_BA,0.6,0.3,377,
3B,en,CA,AB_BA,0.6,0.8999999999999999,377,
3B,en,CA,AB_BA,0.6,1.2,196,
3B,en,CA,AB_BA,0.6,1.5,165,
3B,en,CA,AB_BA,0.6,1.8,196,
3B,en,CA,AB_BA,0.8999999999999999,0.6,370,
3B,en,CA,AB_BA,0.8999999999999999,0.3,348,
3B,en,CA,AB_BA,0.8999999999999999,0.8999999999999999,378,
3B,en,CA,AB_BA,0.8999999999999999,1.2,378,
3B,en,CA,AB_BA,0.8999999999999999,1.5,282,
3B,en,CA,AB_BA,0.8999999999999999,1.8,186,
3B,en,CA,AB_BA,1.2,0.3,330,
3B,en,CA,AB_BA,1.2,0.6,340,
3B,en,CA,AB_BA,1.2,0.8999999999999999,352,
3B,en,CA,AB_BA,1.2,1.2,357,
3B,en,CA,AB_BA,1.2,1.5,337,
3B,en,CA,AB_BA,1.2,1.8,250,
3B,en,CA,AB_BA,1.5,0.3,324,
3B,en,CA,AB_BA,1.5,0.6,332,
3B,en,CA,AB_BA,1.5,0.8999999999999999,336,
3B,en,CA,AB_BA,1.5,1.2,344,
3B,en,CA,AB_BA,1.5,1.5,335,
3B,en,CA,AB_BA,1.5,1.8,277,
3B,en,CA,AB_BA,1.8,0.3,315,
3B,en,CA,AB_BA,1.8,0.6,328,
3B,en,CA,AB_BA,1.8,0.8999999999999999,330,
3B,en,CA,AB_BA,1.8,1.2,333,
3B,en,CA,AB_BA,1.8,1.5,323,
3B,en,CA,AB_BA,1.8,1.8,284,
3B,en,CA,AB_BA,2.1,0.3,301,
3B,en,CA,AB_BA,2.1,0.6,319,
3B,en,CA,AB_BA,2.1,0.8999999999999999,324,
3B,en,CA,AB_BA,2.1,1.2,320,
3B,en,CA,AB_BA,2.1,1.5,309,
3B,en,CA,AB_BA,2.1,1.8,287,
3B,en,CA,AB_BA,2.4,0.3,282,
3B,en,CA,AB_BA,2.4,0.6,300,
3B,en,CA,AB_BA,2.4,0.8999999999999999,303,
3B,en,CA,AB_BA,2.4,1.2,299,
3B,en,CA,AB_BA,2.4,1.5,287,
3B,en,CA,AB_BA,2.4,1.8,279,
3B,en,CA,AB_BA,2.7,0.3,262,
3B,en,CA,AB_BA,2.7,0.6,282,
3B,en,CA,AB_BA,2.7,0.8999999999999999,286,
3B,en,CA,AB_BA,2.7,1.2,290,
3B,en,CA,AB_BA,2.7,1.8,273,
3B,en,CA,AB_BA,2.7,1.5,279,
3B,en,CA,AB_BA,3.0,0.3,236,
3B,en,CA,AB_BA,3.0,0.6,264,
3B,en,CA,AB_BA,3.0,1.2,280,
3B,en,CA,AB_BA,3.0,0.8999999999999999,276,
3B,en,CA,AB_BA,3.0,1.5,275,
3B,en,CA,AB_BA,3.0,1.8,272,
3B,en,CA,AB_BA,0.3999999999999999,0.3999999999999999,385,
3B,en,CA,AB_BA,0.3999999999999999,0.5,387,
3B,en,CA,AB_BA,0.3999999999999999,0.6000000000000001,383,
3B,en,CA,AB_BA,0.3999999999999999,0.7000000000000001,370,
3B,en,CA,AB_BA,0.3999999999999999,0.8,328,
3B,en,CA,AB_BA,0.5,0.3999999999999999,386,
3B,en,CA,AB_BA,0.5,0.5,386,
3B,en,CA,AB_BA,0.5,0.6000000000000001,385,
3B,en,CA,AB_BA,0.5,0.7000000000000001,384,
3B,en,CA,AB_BA,0.5,0.8,371,
3B,en,CA,AB_BA,0.6000000000000001,0.3999999999999999,384,
3B,en,CA,AB_BA,0.6000000000000001,0.5,386,
3B,en,CA,AB_BA,0.6000000000000001,0.7000000000000001,386,
3B,en,CA,AB_BA,0.6000000000000001,0.8,386,
3B,en,CA,AB_BA,0.7000000000000001,0.3999999999999999,376,
3B,en,CA,AB_BA,0.7000000000000001,0.5,382,
3B,en,CA,AB_BA,0.7000000000000001,0.6000000000000001,382,
3B,en,CA,AB_BA,0.7000000000000001,0.7000000000000001,383,
3B,en,CA,AB_BA,0.7000000000000001,0.8,382,
3B,en,CA,AB_BA,0.8,0.3999999999999999,369,
3B,en,CA,AB_BA,0.8,0.5,372,
3B,en,CA,AB_BA,0.8,0.6000000000000001,378,
3B,en,CA,AB_BA,0.8,0.7000000000000001,382,
3B,en,CA,AB_BA,0.8,0.8,381,
3B,en,CA,BC_CB,0.3,0.3,370,
3B,en,CA,BC_CB,0.3,0.6,323,
3B,en,CA,BC_CB,0.3,0.8999999999999999,253,
3B,en,CA,BC_CB,0.3,1.2,219,
3B,en,CA,BC_CB,0.3,1.8,81,
3B,en,CA,BC_CB,0.3,1.5,166,
3B,en,CA,BC_CB,0.6,0.3,389,
3B,en,CA,BC_CB,0.6,0.6,391,
3B,en,CA,BC_CB,0.6,0.8999999999999999,315,
3B,en,CA,BC_CB,0.6,1.2,256,
3B,en,CA,BC_CB,0.6,1.8,148,
3B,en,CA,BC_CB,0.6,1.5,267,
3B,en,CA,BC_CB,0.8999999999999999,0.3,390,
3B,en,CA,BC_CB,0.8999999999999999,0.6,393,
3B,en,CA,BC_CB,0.8999999999999999,0.8999999999999999,393,
3B,en,CA,BC_CB,0.8999999999999999,1.2,390,
3B,en,CA,BC_CB,0.8999999999999999,1.5,369,
3B,en,CA,BC_CB,0.8999999999999999,1.8,235,
3B,en,CA,BC_CB,1.2,0.3,384,
3B,en,CA,BC_CB,1.2,0.6,394,
3B,en,CA,BC_CB,1.2,0.8999999999999999,393,
3B,en,CA,BC_CB,1.2,1.2,393,
3B,en,CA,BC_CB,1.2,1.8,386,
3B,en,CA,BC_CB,1.2,1.5,392,
3B,en,CA,BC_CB,1.5,0.3,369,
3B,en,CA,BC_CB,1.5,0.6,395,
3B,en,CA,BC_CB,1.5,0.8999999999999999,394,
3B,en,CA,BC_CB,1.5,1.2,392,
3B,en,CA,BC_CB,1.5,1.5,392,
3B,en,CA,BC_CB,1.5,1.8,388,
3B,en,CA,BC_CB,1.8,0.3,360,
3B,en,CA,BC_CB,1.8,0.6,391,
3B,en,CA,BC_CB,1.8,0.8999999999999999,395,
3B,en,CA,BC_CB,1.8,1.2,393,
3B,en,CA,BC_CB,1.8,1.5,392,
3B,en,CA,BC_CB,1.8,1.8,389,
3B,en,CA,BC_CB,2.1,0.3,350,
3B,en,CA,BC_CB,2.1,0.6,385,
3B,en,CA,BC_CB,2.1,0.8999999999999999,394,
3B,en,CA,BC_CB,2.1,1.2,395,
3B,en,CA,BC_CB,2.1,1.8,389,
3B,en,CA,BC_CB,2.1,1.5,392,
3B,en,CA,BC_CB,2.4,0.6,380,
3B,en,CA,BC_CB,2.4,0.3,333,
3B,en,CA,BC_CB,2.4,1.2,395,
3B,en,CA,BC_CB,2.4,0.8999999999999999,390,
3B,en,CA,BC_CB,2.4,1.8,388,
3B,en,CA,BC_CB,2.4,1.5,393,
3B,en,CA,BC_CB,2.7,0.6,370,
3B,en,CA,BC_CB,2.7,0.3,310,
3B,en,CA,BC_CB,2.7,1.2,393,
3B,en,CA,BC_CB,2.7,0.8999999999999999,384,
3B,en,CA,BC_CB,2.7,1.5,394,
3B,en,CA,BC_CB,2.7,1.8,385,
3B,en,CA,BC_CB,3.0,0.3,279,
3B,en,CA,BC_CB,3.0,0.6,358,
3B,en,CA,BC_CB,3.0,0.8999999999999999,382,
3B,en,CA,BC_CB,3.0,1.2,391,
3B,en,CA,BC_CB,3.0,1.5,395,
3B,en,CA,BC_CB,3.0,1.8,385,
3B,en,CA,BC_CB,1.3,0.3999999999999999,391,
3B,en,CA,BC_CB,1.3,0.5,395,
3B,en,CA,BC_CB,1.3,0.6000000000000001,395,
3B,en,CA,BC_CB,1.3,0.7000000000000001,395,
3B,en,CA,BC_CB,1.3,0.8,395,
3B,en,CA,BC_CB,1.4,0.3999999999999999,390,
3B,en,CA,BC_CB,1.4,0.5,393,
3B,en,CA,BC_CB,1.4,0.6000000000000001,395,
3B,en,CA,BC_CB,1.4,0.7000000000000001,395,
3B,en,CA,BC_CB,1.4,0.8,395,
3B,en,CA,BC_CB,1.5000000000000002,0.3999999999999999,386,
3B,en,CA,BC_CB,1.5000000000000002,0.5,393,
3B,en,CA,BC_CB,1.5000000000000002,0.7000000000000001,395,
3B,en,CA,BC_CB,1.5000000000000002,0.8,395,
3B,en,CA,BC_CB,1.6000000000000003,0.3999999999999999,384,
3B,en,CA,BC_CB,1.6000000000000003,0.5,392,
3B,en,CA,BC_CB,1.6000000000000003,0.6000000000000001,393,
3B,en,CA,BC_CB,1.6000000000000003,0.7000000000000001,395,
3B,en,CA,BC_CB,1.6000000000000003,0.8,395,
3B,en,CA,BC_CB,1.7000000000000004,0.3999999999999999,380,
3B,en,CA,BC_CB,1.7000000000000004,0.5,389,
3B,en,CA,BC_CB,1.7000000000000004,0.6000000000000001,394,
3B,en,CA,BC_CB,1.7000000000000004,0.7000000000000001,395,
3B,en,CA,BC_CB,1.7000000000000004,0.8,396,393.0
3B,hi,AB,BC_CB,0.3,0.3,301,
3B,hi,AB,BC_CB,0.3,0.6,303,
3B,hi,AB,BC_CB,0.3,1.2,20,
3B,hi,AB,BC_CB,0.3,0.8999999999999999,206,
3B,hi,AB,BC_CB,0.3,1.5,0,
3B,hi,AB,BC_CB,0.3,1.8,0,
3B,hi,AB,BC_CB,0.6,0.3,270,
3B,hi,AB,BC_CB,0.6,0.6,283,
3B,hi,AB,BC_CB,0.6,0.8999999999999999,281,
3B,hi,AB,BC_CB,0.6,1.2,253,
3B,hi,AB,BC_CB,0.6,1.5,67,
3B,hi,AB,BC_CB,0.6,1.8,0,
3B,hi,AB,BC_CB,0.8999999999999999,0.3,222,
3B,hi,AB,BC_CB,0.8999999999999999,0.6,244,
3B,hi,AB,BC_CB,0.8999999999999999,0.8999999999999999,255,
3B,hi,AB,BC_CB,0.8999999999999999,1.2,261,
3B,hi,AB,BC_CB,0.8999999999999999,1.5,253,
3B,hi,AB,BC_CB,0.8999999999999999,1.8,198,
3B,hi,AB,BC_CB,1.2,0.3,185,
3B,hi,AB,BC_CB,1.2,0.6,208,
3B,hi,AB,BC_CB,1.2,0.8999999999999999,222,
3B,hi,AB,BC_CB,1.2,1.2,223,
3B,hi,AB,BC_CB,1.2,1.5,235,
3B,hi,AB,BC_CB,1.2,1.8,243,
3B,hi,AB,BC_CB,1.5,0.3,170,
3B,hi,AB,BC_CB,1.5,0.6,190,
3B,hi,AB,BC_CB,1.5,0.8999999999999999,196,
3B,hi,AB,BC_CB,1.5,1.2,205,
3B,hi,AB,BC_CB,1.5,1.5,219,
3B,hi,AB,BC_CB,1.5,1.8,227,
3B,hi,AB,BC_CB,1.8,0.3,167,
3B,hi,AB,BC_CB,1.8,0.6,175,
3B,hi,AB,BC_CB,1.8,0.8999999999999999,185,
3B,hi,AB,BC_CB,1.8,1.2,186,
3B,hi,AB,BC_CB,1.8,1.5,194,
3B,hi,AB,BC_CB,1.8,1.8,203,
3B,hi,AB,BC_CB,2.1,0.3,171,
3B,hi,AB,BC_CB,2.1,0.6,174,
3B,hi,AB,BC_CB,2.1,0.8999999999999999,181,
3B,hi,AB,BC_CB,2.1,1.2,183,
3B,hi,AB,BC_CB,2.1,1.5,184,
3B,hi,AB,BC_CB,2.1,1.8,187,
3B,hi,AB,BC_CB,2.4,0.3,170,
3B,hi,AB,BC_CB,2.4,0.6,180,
3B,hi,AB,BC_CB,2.4,0.8999999999999999,180,
3B,hi,AB,BC_CB,2.4,1.2,181,
3B,hi,AB,BC_CB,2.4,1.5,183,
3B,hi,AB,BC_CB,2.4,1.8,181,
3B,hi,AB,BC_CB,2.7,0.3,177,
3B,hi,AB,BC_CB,2.7,0.6,185,
3B,hi,AB,BC_CB,2.7,0.8999999999999999,177,
3B,hi,AB,BC_CB,2.7,1.2,178,
3B,hi,AB,BC_CB,2.7,1.5,179,
3B,hi,AB,BC_CB,2.7,1.8,181,
3B,hi,AB,BC_CB,3.0,0.3,183,
3B,hi,AB,BC_CB,3.0,0.6,185,
3B,hi,AB,BC_CB,3.0,0.8999999999999999,180,
3B,hi,AB,BC_CB,3.0,1.2,179,
3B,hi,AB,BC_CB,3.0,1.5,178,
3B,hi,AB,BC_CB,3.0,1.8,179,
3B,hi,AB,BC_CB,0.0999999999999999,0.3999999999999999,289,
3B,hi,AB,BC_CB,0.0999999999999999,0.5,252,
3B,hi,AB,BC_CB,0.0999999999999999,0.6000000000000001,186,
3B,hi,AB,BC_CB,0.0999999999999999,0.7000000000000001,91,
3B,hi,AB,BC_CB,0.0999999999999999,0.8,38,
3B,hi,AB,BC_CB,0.1999999999999999,0.3999999999999999,309,
3B,hi,AB,BC_CB,0.1999999999999999,0.5,299,
3B,hi,AB,BC_CB,0.1999999999999999,0.6000000000000001,277,
3B,hi,AB,BC_CB,0.1999999999999999,0.7000000000000001,233,
3B,hi,AB,BC_CB,0.1999999999999999,0.8,163,
3B,hi,AB,BC_CB,0.3,0.3999999999999999,310,314.0
3B,hi,AB,BC_CB,0.3,0.5,305,
3B,hi,AB,BC_CB,0.3,0.7000000000000001,277,
3B,hi,AB,BC_CB,0.3,0.8,255,
3B,hi,AB,BC_CB,0.4,0.3999999999999999,305,
3B,hi,AB,BC_CB,0.4,0.5,302,
3B,hi,AB,BC_CB,0.4,0.6000000000000001,302,
3B,hi,AB,BC_CB,0.4,0.7000000000000001,289,
3B,hi,AB,BC_CB,0.4,0.8,279,
3B,hi,AB,BC_CB,0.5,0.3999999999999999,293,
3B,hi,AB,BC_CB,0.5,0.5,293,
3B,hi,AB,BC_CB,0.5,0.6000000000000001,292,
3B,hi,AB,BC_CB,0.5,0.7000000000000001,287,
3B,hi,AB,BC_CB,0.5,0.8,284,
3B,hi,AB,CA_AC,0.3,0.3,323,
3B,hi,AB,CA_AC,0.3,0.6,308,
3B,hi,AB,CA_AC,0.3,0.8999999999999999,237,
3B,hi,AB,CA_AC,0.3,1.2,171,
3B,hi,AB,CA_AC,0.3,1.8,9,
3B,hi,AB,CA_AC,0.3,1.5,85,
3B,hi,AB,CA_AC,0.6,0.3,333,
3B,hi,AB,CA_AC,0.6,0.6,342,
3B,hi,AB,CA_AC,0.6,0.8999999999999999,307,
3B,hi,AB,CA_AC,0.6,1.2,250,
3B,hi,AB,CA_AC,0.6,1.5,214,
3B,hi,AB,CA_AC,0.6,1.8,163,
3B,hi,AB,CA_AC,0.8999999999999999,0.3,342,
3B,hi,AB,CA_AC,0.8999999999999999,0.6,351,337.0
3B,hi,AB,CA_AC,0.8999999999999999,0.8999999999999999,330,
3B,hi,AB,CA_AC,0.8999999999999999,1.2,300,
3B,hi,AB,CA_AC,0.8999999999999999,1.5,252,
3B,hi,AB,CA_AC,0.8999999999999999,1.8,210,
3B,hi,AB,CA_AC,1.2,0.3,341,
3B,hi,AB,CA_AC,1.2,0.6,349,
3B,hi,AB,CA_AC,1.2,0.8999999999999999,335,
3B,hi,AB,CA_AC,1.2,1.2,307,
3B,hi,AB,CA_AC,1.2,1.5,287,
3B,hi,AB,CA_AC,1.2,1.8,253,
3B,hi,AB,CA_AC,1.5,0.3,325,
3B,hi,AB,CA_AC,1.5,0.6,347,
3B,hi,AB,CA_AC,1.5,0.8999999999999999,340,
3B,hi,AB,CA_AC,1.5,1.2,316,
3B,hi,AB,CA_AC,1.5,1.5,291,
3B,hi,AB,CA_AC,1.5,1.8,270,
3B,hi,AB,CA_AC,1.8,0.3,323,
3B,hi,AB,CA_AC,1.8,0.6,340,
3B,hi,AB,CA_AC,1.8,0.8999999999999999,338,
3B,hi,AB,CA_AC,1.8,1.2,313,
3B,hi,AB,CA_AC,1.8,1.5,290,
3B,hi,AB,CA_AC,1.8,1.8,265,
3B,hi,AB,CA_AC,2.1,0.3,309,
3B,hi,AB,CA_AC,2.1,0.6,329,
3B,hi,AB,CA_AC,2.1,1.2,308,
3B,hi,AB,CA_AC,2.1,0.8999999999999999,323,
3B,hi,AB,CA_AC,2.1,1.8,262,
3B,hi,AB,CA_AC,2.1,1.5,288,
3B,hi,AB,CA_AC,2.4,0.3,299,
3B,hi,AB,CA_AC,2.4,0.6,318,
3B,hi,AB,CA_AC,2.4,0.8999999999999999,315,
3B,hi,AB,CA_AC,2.4,1.2,303,
3B,hi,AB,CA_AC,2.4,1.5,283,
3B,hi,AB,CA_AC,2.4,1.8,260,
3B,hi,AB,CA_AC,2.7,0.3,279,
3B,hi,AB,CA_AC,2.7,0.6,299,
3B,hi,AB,CA_AC,2.7,0.8999999999999999,301,
3B,hi,AB,CA_AC,2.7,1.2,294,
3B,hi,AB,CA_AC,2.7,1.5,276,
3B,hi,AB,CA_AC,2.7,1.8,256,
3B,hi,AB,CA_AC,3.0,0.3,260,
3B,hi,AB,CA_AC,3.0,0.6,282,
3B,hi,AB,CA_AC,3.0,0.8999999999999999,286,
3B,hi,AB,CA_AC,3.0,1.2,284,
3B,hi,AB,CA_AC,3.0,1.5,264,
3B,hi,AB,CA_AC,3.0,1.8,250,
3B,hi,AB,CA_AC,0.7,0.3999999999999999,346,
3B,hi,AB,CA_AC,0.7,0.5,349,
3B,hi,AB,CA_AC,0.7,0.6000000000000001,348,
3B,hi,AB,CA_AC,0.7,0.7000000000000001,338,
3B,hi,AB,CA_AC,0.7,0.8,334,
3B,hi,AB,CA_AC,0.7999999999999999,0.3999999999999999,347,
3B,hi,AB,CA_AC,0.7999999999999999,0.5,350,
3B,hi,AB,CA_AC,0.7999999999999999,0.6000000000000001,348,
3B,hi,AB,CA_AC,0.7999999999999999,0.7000000000000001,342,
3B,hi,AB,CA_AC,0.7999999999999999,0.8,335,
3B,hi,AB,CA_AC,0.8999999999999999,0.3999999999999999,345,
3B,hi,AB,CA_AC,0.8999999999999999,0.5,349,
3B,hi,AB,CA_AC,0.8999999999999999,0.7000000000000001,346,
3B,hi,AB,CA_AC,0.8999999999999999,0.8,337,
3B,hi,AB,CA_AC,1.0,0.3999999999999999,346,
3B,hi,AB,CA_AC,1.0,0.5,349,
3B,hi,AB,CA_AC,1.0,0.6000000000000001,347,
3B,hi,AB,CA_AC,1.0,0.7000000000000001,346,
3B,hi,AB,CA_AC,1.0,0.8,337,
3B,hi,AB,CA_AC,1.1,0.3999999999999999,346,
3B,hi,AB,CA_AC,1.1,0.5,348,
3B,hi,AB,CA_AC,1.1,0.6000000000000001,350,
3B,hi,AB,CA_AC,1.1,0.7000000000000001,346,
3B,hi,AB,CA_AC,1.1,0.8,339,
3B,hi,BC,CA_AC,0.3,0.6,304,
3B,hi,BC,CA_AC,0.3,0.3,369,
3B,hi,BC,CA_AC,0.3,0.8999999999999999,172,
3B,hi,BC,CA_AC,0.3,1.2,68,
3B,hi,BC,CA_AC,0.3,1.5,35,
3B,hi,BC,CA_AC,0.3,1.8,16,
3B,hi,BC,CA_AC,0.6,0.3,396,
3B,hi,BC,CA_AC,0.6,0.6,399,
3B,hi,BC,CA_AC,0.6,0.8999999999999999,368,
3B,hi,BC,CA_AC,0.6,1.2,290,
3B,hi,BC,CA_AC,0.6,1.5,145,
3B,hi,BC,CA_AC,0.6,1.8,53,
3B,hi,BC,CA_AC,0.8999999999999999,0.3,399,
3B,hi,BC,CA_AC,0.8999999999999999,0.6,399,
3B,hi,BC,CA_AC,0.8999999999999999,0.8999999999999999,398,
3B,hi,BC,CA_AC,0.8999999999999999,1.2,383,
3B,hi,BC,CA_AC,0.8999999999999999,1.5,301,
3B,hi,BC,CA_AC,0.8999999999999999,1.8,184,
3B,hi,BC,CA_AC,1.2,0.3,399,
3B,hi,BC,CA_AC,1.2,0.6,400,397.0
3B,hi,BC,CA_AC,1.2,0.8999999999999999,398,
3B,hi,BC,CA_AC,1.2,1.2,384,
3B,hi,BC,CA_AC,1.2,1.5,352,
3B,hi,BC,CA_AC,1.2,1.8,279,
3B,hi,BC,CA_AC,1.5,0.3,398,
3B,hi,BC,CA_AC,1.5,0.6,400,
3B,hi,BC,CA_AC,1.5,0.8999999999999999,398,
3B,hi,BC,CA_AC,1.5,1.2,385,
3B,hi,BC,CA_AC,1.5,1.5,359,
3B,hi,BC,CA_AC,1.5,1.8,285,
3B,hi,BC,CA_AC,1.8,0.3,397,
3B,hi,BC,CA_AC,1.8,0.6,399,
3B,hi,BC,CA_AC,1.8,0.8999999999999999,397,
3B,hi,BC,CA_AC,1.8,1.2,386,
3B,hi,BC,CA_AC,1.8,1.5,359,
3B,hi,BC,CA_AC,1.8,1.8,286,
3B,hi,BC,CA_AC,2.1,0.3,397,
3B,hi,BC,CA_AC,2.1,0.6,399,
3B,hi,BC,CA_AC,2.1,0.8999999999999999,397,
3B,hi,BC,CA_AC,2.1,1.2,387,
3B,hi,BC,CA_AC,2.1,1.5,357,
3B,hi,BC,CA_AC,2.1,1.8,296,
3B,hi,BC,CA_AC,2.4,0.3,396,
3B,hi,BC,CA_AC,2.4,0.6,399,
3B,hi,BC,CA_AC,2.4,0.8999999999999999,396,
3B,hi,BC,CA_AC,2.4,1.2,384,
3B,hi,BC,CA_AC,2.4,1.5,354,
3B,hi,BC,CA_AC,2.4,1.8,303,
3B,hi,BC,CA_AC,2.7,0.3,395,
3B,hi,BC,CA_AC,2.7,0.6,398,
3B,hi,BC,CA_AC,2.7,0.8999999999999999,396,
3B,hi,BC,CA_AC,2.7,1.2,386,
3B,hi,BC,CA_AC,2.7,1.5,352,
3B,hi,BC,CA_AC,2.7,1.8,303,
3B,hi,BC,CA_AC,3.0,0.3,392,
3B,hi,BC,CA_AC,3.0,0.6,396,
3B,hi,BC,CA_AC,3.0,0.8999999999999999,393,
3B,hi,BC,CA_AC,3.0,1.2,386,
3B,hi,BC,CA_AC,3.0,1.5,354,
3B,hi,BC,CA_AC,3.0,1.8,304,
3B,hi,BC,CA_AC,1.0,0.3999999999999999,400,
3B,hi,BC,CA_AC,1.0,0.5,400,
3B,hi,BC,CA_AC,1.0,0.6000000000000001,400,
3B,hi,BC,CA_AC,1.0,0.7000000000000001,399,
3B,hi,BC,CA_AC,1.0,0.8,399,
3B,hi,BC,CA_AC,1.1,0.3999999999999999,400,
3B,hi,BC,CA_AC,1.1,0.5,400,
3B,hi,BC,CA_AC,1.1,0.6000000000000001,400,
3B,hi,BC,CA_AC,1.1,0.7000000000000001,400,
3B,hi,BC,CA_AC,1.1,0.8,399,
3B,hi,BC,CA_AC,1.2000000000000002,0.5,400,
3B,hi,BC,CA_AC,1.2000000000000002,0.3999999999999999,400,
3B,hi,BC,CA_AC,1.2000000000000002,0.8,400,
3B,hi,BC,CA_AC,1.2000000000000002,0.7000000000000001,400,
3B,hi,BC,CA_AC,1.3000000000000005,0.3999999999999999,399,
3B,hi,BC,CA_AC,1.3000000000000005,0.5,400,
3B,hi,BC,CA_AC,1.3000000000000005,0.6000000000000001,400,
3B,hi,BC,CA_AC,1.3000000000000005,0.7000000000000001,400,
3B,hi,BC,CA_AC,1.3000000000000005,0.8,400,
3B,hi,BC,CA_AC,1.4000000000000004,0.3999999999999999,399,
3B,hi,BC,CA_AC,1.4000000000000004,0.5,400,
3B,hi,BC,CA_AC,1.4000000000000004,0.6000000000000001,400,
3B,hi,BC,CA_AC,1.4000000000000004,0.7000000000000001,400,
3B,hi,BC,CA_AC,1.4000000000000004,0.8,400,
3B,hi,BC,AB_BA,0.3,0.6,322,
3B,hi,BC,AB_BA,0.3,0.3,376,
3B,hi,BC,AB_BA,0.3,0.8999999999999999,192,
3B,hi,BC,AB_BA,0.3,1.2,46,
3B,hi,BC,AB_BA,0.3,1.5,14,
3B,hi,BC,AB_BA,0.3,1.8,9,
3B,hi,BC,AB_BA,0.6,0.3,395,
3B,hi,BC,AB_BA,0.6,0.6,359,
3B,hi,BC,AB_BA,0.6,0.8999999999999999,358,
3B,hi,BC,AB_BA,0.6,1.2,276,
3B,hi,BC,AB_BA,0.6,1.5,92,
3B,hi,BC,AB_BA,0.6,1.8,53,
3B,hi,BC,AB_BA,0.8999999999999999,0.3,397,
3B,hi,BC,AB_BA,0.8999999999999999,0.6,397,
3B,hi,BC,AB_BA,0.8999999999999999,0.8999999999999999,397,
3B,hi,BC,AB_BA,0.8999999999999999,1.2,387,
3B,hi,BC,AB_BA,0.8999999999999999,1.5,336,
3B,hi,BC,AB_BA,0.8999999999999999,1.8,192,
3B,hi,BC,AB_BA,1.2,0.3,398,
3B,hi,BC,AB_BA,1.2,0.6,398,
3B,hi,BC,AB_BA,1.2,0.8999999999999999,398,
3B,hi,BC,AB_BA,1.2,1.2,397,
3B,hi,BC,AB_BA,1.2,1.5,389,
3B,hi,BC,AB_BA,1.2,1.8,334,
3B,hi,BC,AB_BA,1.5,0.3,397,
3B,hi,BC,AB_BA,1.5,0.6,398,
3B,hi,BC,AB_BA,1.5,0.8999999999999999,398,
3B,hi,BC,AB_BA,1.5,1.2,396,
3B,hi,BC,AB_BA,1.5,1.5,391,
3B,hi,BC,AB_BA,1.5,1.8,376,
3B,hi,BC,AB_BA,1.8,0.3,390,
3B,hi,BC,AB_BA,1.8,0.6,398,
3B,hi,BC,AB_BA,1.8,0.8999999999999999,397,
3B,hi,BC,AB_BA,1.8,1.2,395,
3B,hi,BC,AB_BA,1.8,1.5,392,
3B,hi,BC,AB_BA,1.8,1.8,382,
3B,hi,BC,AB_BA,2.1,0.3,377,
3B,hi,BC,AB_BA,2.1,0.6,394,
3B,hi,BC,AB_BA,2.1,0.8999999999999999,394,
3B,hi,BC,AB_BA,2.1,1.2,394,
3B,hi,BC,AB_BA,2.1,1.5,389,
3B,hi,BC,AB_BA,2.1,1.8,377,
3B,hi,BC,AB_BA,2.4,0.3,337,
3B,hi,BC,AB_BA,2.4,0.6,384,
3B,hi,BC,AB_BA,2.4,0.8999999999999999,383,
3B,hi,BC,AB_BA,2.4,1.2,386,
3B,hi,BC,AB_BA,2.4,1.5,389,
3B,hi,BC,AB_BA,2.4,1.8,372,
3B,hi,BC,AB_BA,2.7,0.3,292,
3B,hi,BC,AB_BA,2.7,0.6,350,
3B,hi,BC,AB_BA,2.7,0.8999999999999999,360,
3B,hi,BC,AB_BA,2.7,1.2,367,
3B,hi,BC,AB_BA,2.7,1.5,376,
3B,hi,BC,AB_BA,2.7,1.8,366,
3B,hi,BC,AB_BA,3.0,0.3,269,
3B,hi,BC,AB_BA,3.0,0.6,313,
3B,hi,BC,AB_BA,3.0,0.8999999999999999,331,
3B,hi,BC,AB_BA,3.0,1.2,331,
3B,hi,BC,AB_BA,3.0,1.5,348,
3B,hi,BC,AB_BA,3.0,1.8,353,
3B,hi,BC,AB_BA,1.0,0.0999999999999999,365,
3B,hi,BC,AB_BA,1.0,0.1999999999999999,391,
3B,hi,BC,AB_BA,1.0,0.4,398,
3B,hi,BC,AB_BA,1.0,0.3,397,
3B,hi,BC,AB_BA,1.1,0.0999999999999999,364,
3B,hi,BC,AB_BA,1.0,0.5,398,
3B,hi,BC,AB_BA,1.1,0.1999999999999999,392,
3B,hi,BC,AB_BA,1.1,0.3,397,
3B,hi,BC,AB_BA,1.1,0.4,398,
3B,hi,BC,AB_BA,1.1,0.5,398,
3B,hi,BC,AB_BA,1.2000000000000002,0.0999999999999999,360,
3B,hi,BC,AB_BA,1.2000000000000002,0.1999999999999999,392,
3B,hi,BC,AB_BA,1.2000000000000002,0.4,398,
3B,hi,BC,AB_BA,1.2000000000000002,0.5,399,391.0
3B,hi,BC,AB_BA,1.3000000000000005,0.0999999999999999,355,
3B,hi,BC,AB_BA,1.3000000000000005,0.1999999999999999,391,
3B,hi,BC,AB_BA,1.3000000000000005,0.3,397,
3B,hi,BC,AB_BA,1.3000000000000005,0.4,398,
3B,hi,BC,AB_BA,1.3000000000000005,0.5,399,
3B,hi,BC,AB_BA,1.4000000000000004,0.0999999999999999,348,
3B,hi,BC,AB_BA,1.4000000000000004,0.1999999999999999,388,
3B,hi,BC,AB_BA,1.4000000000000004,0.3,397,
3B,hi,BC,AB_BA,1.4000000000000004,0.4,398,
3B,hi,BC,AB_BA,1.4000000000000004,0.5,399,
3B,hi,CA,AB_BA,0.3,0.6,373,
3B,hi,CA,AB_BA,0.3,0.3,371,
3B,hi,CA,AB_BA,0.3,0.8999999999999999,198,
3B,hi,CA,AB_BA,0.3,1.2,2,
3B,hi,CA,AB_BA,0.3,1.5,1,
3B,hi,CA,AB_BA,0.3,1.8,0,
3B,hi,CA,AB_BA,0.6,0.3,359,
3B,hi,CA,AB_BA,0.6,0.6,374,
3B,hi,CA,AB_BA,0.6,0.8999999999999999,370,
3B,hi,CA,AB_BA,0.6,1.2,314,
3B,hi,CA,AB_BA,0.6,1.5,25,
3B,hi,CA,AB_BA,0.6,1.8,0,
3B,hi,CA,AB_BA,0.8999999999999999,0.3,340,
3B,hi,CA,AB_BA,0.8999999999999999,0.6,361,
3B,hi,CA,AB_BA,0.8999999999999999,0.8999999999999999,367,
3B,hi,CA,AB_BA,0.8999999999999999,1.2,355,
3B,hi,CA,AB_BA,0.8999999999999999,1.5,323,
3B,hi,CA,AB_BA,0.8999999999999999,1.8,42,
3B,hi,CA,AB_BA,1.2,0.3,306,
3B,hi,CA,AB_BA,1.2,0.6,349,
3B,hi,CA,AB_BA,1.2,0.8999999999999999,358,
3B,hi,CA,AB_BA,1.2,1.2,357,
3B,hi,CA,AB_BA,1.2,1.5,344,
3B,hi,CA,AB_BA,1.2,1.8,315,
3B,hi,CA,AB_BA,1.5,0.3,281,
3B,hi,CA,AB_BA,1.5,0.6,335,
3B,hi,CA,AB_BA,1.5,0.8999999999999999,342,
3B,hi,CA,AB_BA,1.5,1.2,351,
3B,hi,CA,AB_BA,1.5,1.5,344,
3B,hi,CA,AB_BA,1.5,1.8,336,
3B,hi,CA,AB_BA,1.8,0.3,240,
3B,hi,CA,AB_BA,1.8,0.6,323,
3B,hi,CA,AB_BA,1.8,0.8999999999999999,334,
3B,hi,CA,AB_BA,1.8,1.2,339,
3B,hi,CA,AB_BA,1.8,1.5,341,
3B,hi,CA,AB_BA,1.8,1.8,335,
3B,hi,CA,AB_BA,2.1,0.3,199,
3B,hi,CA,AB_BA,2.1,0.6,306,
3B,hi,CA,AB_BA,2.1,0.8999999999999999,329,
3B,hi,CA,AB_BA,2.1,1.2,330,
3B,hi,CA,AB_BA,2.1,1.5,334,
3B,hi,CA,AB_BA,2.1,1.8,336,
3B,hi,CA,AB_BA,2.4,0.3,168,
3B,hi,CA,AB_BA,2.4,0.6,284,
3B,hi,CA,AB_BA,2.4,0.8999999999999999,319,
3B,hi,CA,AB_BA,2.4,1.2,327,
3B,hi,CA,AB_BA,2.4,1.5,332,
3B,hi,CA,AB_BA,2.4,1.8,329,
3B,hi,CA,AB_BA,2.7,0.3,155,
3B,hi,CA,AB_BA,2.7,0.6,250,
3B,hi,CA,AB_BA,2.7,0.8999999999999999,309,
3B,hi,CA,AB_BA,2.7,1.2,320,
3B,hi,CA,AB_BA,2.7,1.5,325,
3B,hi,CA,AB_BA,2.7,1.8,319,
3B,hi,CA,AB_BA,3.0,0.3,136,
3B,hi,CA,AB_BA,3.0,0.6,222,
3B,hi,CA,AB_BA,3.0,0.8999999999999999,279,
3B,hi,CA,AB_BA,3.0,1.2,309,
3B,hi,CA,AB_BA,3.0,1.5,317,
3B,hi,CA,AB_BA,3.0,1.8,307,
3B,hi,CA,AB_BA,0.3999999999999999,0.3999999999999999,379,373.0
3B,hi,CA,AB_BA,0.3999999999999999,0.5,377,
3B,hi,CA,AB_BA,0.3999999999999999,0.6000000000000001,378,
3B,hi,CA,AB_BA,0.3999999999999999,0.7000000000000001,373,
3B,hi,CA,AB_BA,0.3999999999999999,0.8,362,
3B,hi,CA,AB_BA,0.5,0.3999999999999999,370,
3B,hi,CA,AB_BA,0.5,0.5,375,
3B,hi,CA,AB_BA,0.5,0.6000000000000001,378,
3B,hi,CA,AB_BA,0.5,0.7000000000000001,376,
3B,hi,CA,AB_BA,0.5,0.8,373,
3B,hi,CA,AB_BA,0.6000000000000001,0.3999999999999999,367,
3B,hi,CA,AB_BA,0.6000000000000001,0.5,369,
3B,hi,CA,AB_BA,0.6000000000000001,0.7000000000000001,377,
3B,hi,CA,AB_BA,0.6000000000000001,0.8,372,
3B,hi,CA,AB_BA,0.7000000000000001,0.3999999999999999,362,
3B,hi,CA,AB_BA,0.7000000000000001,0.5,365,
3B,hi,CA,AB_BA,0.7000000000000001,0.6000000000000001,368,
3B,hi,CA,AB_BA,0.7000000000000001,0.7000000000000001,371,
3B,hi,CA,AB_BA,0.7000000000000001,0.8,371,
3B,hi,CA,AB_BA,0.8,0.3999999999999999,357,
3B,hi,CA,AB_BA,0.8,0.5,363,
3B,hi,CA,AB_BA,0.8,0.6000000000000001,366,
3B,hi,CA,AB_BA,0.8,0.7000000000000001,369,
3B,hi,CA,AB_BA,0.8,0.8,371,
3B,hi,CA,BC_CB,0.3,0.6,331,
3B,hi,CA,BC_CB,0.3,0.3,388,
3B,hi,CA,BC_CB,0.3,0.8999999999999999,93,
3B,hi,CA,BC_CB,0.3,1.2,5,
3B,hi,CA,BC_CB,0.3,1.8,0,
3B,hi,CA,BC_CB,0.3,1.5,0,
3B,hi,CA,BC_CB,0.6,0.3,389,
3B,hi,CA,BC_CB,0.6,0.6,388,
3B,hi,CA,BC_CB,0.6,0.8999999999999999,358,
3B,hi,CA,BC_CB,0.6,1.2,245,
3B,hi,CA,BC_CB,0.6,1.8,0,
3B,hi,CA,BC_CB,0.6,1.5,36,
3B,hi,CA,BC_CB,0.8999999999999999,0.6,390,
3B,hi,CA,BC_CB,0.8999999999999999,0.3,390,
3B,hi,CA,BC_CB,0.8999999999999999,0.8999999999999999,384,
3B,hi,CA,BC_CB,0.8999999999999999,1.2,362,
3B,hi,CA,BC_CB,0.8999999999999999,1.8,40,
3B,hi,CA,BC_CB,0.8999999999999999,1.5,311,
3B,hi,CA,BC_CB,1.2,0.3,392,
3B,hi,CA,BC_CB,1.2,0.6,391,
3B,hi,CA,BC_CB,1.2,0.8999999999999999,388,
3B,hi,CA,BC_CB,1.2,1.2,384,
3B,hi,CA,BC_CB,1.2,1.5,352,
3B,hi,CA,BC_CB,1.2,1.8,254,
3B,hi,CA,BC_CB,1.5,0.3,394,
3B,hi,CA,BC_CB,1.5,0.6,393,
3B,hi,CA,BC_CB,1.5,0.8999999999999999,388,
3B,hi,CA,BC_CB,1.5,1.2,383,
3B,hi,CA,BC_CB,1.5,1.5,369,
3B,hi,CA,BC_CB,1.5,1.8,351,
3B,hi,CA,BC_CB,1.8,0.3,395,396.0
3B,hi,CA,BC_CB,1.8,0.6,392,
3B,hi,CA,BC_CB,1.8,0.8999999999999999,386,
3B,hi,CA,BC_CB,1.8,1.2,385,
3B,hi,CA,BC_CB,1.8,1.5,371,
3B,hi,CA,BC_CB,1.8,1.8,355,
3B,hi,CA,BC_CB,2.1,0.3,394,
3B,hi,CA,BC_CB,2.1,0.6,392,
3B,hi,CA,BC_CB,2.1,0.8999999999999999,389,
3B,hi,CA,BC_CB,2.1,1.2,385,
3B,hi,CA,BC_CB,2.1,1.5,375,
3B,hi,CA,BC_CB,2.1,1.8,354,
3B,hi,CA,BC_CB,2.4,0.3,393,
3B,hi,CA,BC_CB,2.4,0.6,392,
3B,hi,CA,BC_CB,2.4,0.8999999999999999,389,
3B,hi,CA,BC_CB,2.4,1.2,385,
3B,hi,CA,BC_CB,2.4,1.5,377,
3B,hi,CA,BC_CB,2.4,1.8,362,
3B,hi,CA,BC_CB,2.7,0.3,390,
3B,hi,CA,BC_CB,2.7,0.6,391,
3B,hi,CA,BC_CB,2.7,0.8999999999999999,390,
3B,hi,CA,BC_CB,2.7,1.2,385,
3B,hi,CA,BC_CB,2.7,1.5,379,
3B,hi,CA,BC_CB,2.7,1.8,366,
3B,hi,CA,BC_CB,3.0,0.3,389,
3B,hi,CA,BC_CB,3.0,0.6,392,
3B,hi,CA,BC_CB,3.0,0.8999999999999999,389,
3B,hi,CA,BC_CB,3.0,1.2,385,
3B,hi,CA,BC_CB,3.0,1.5,379,
3B,hi,CA,BC_CB,3.0,1.8,367,
3B,hi,CA,BC_CB,1.6,0.0999999999999999,389,
3B,hi,CA,BC_CB,1.6,0.1999999999999999,394,
3B,hi,CA,BC_CB,1.6,0.3,395,
3B,hi,CA,BC_CB,1.6,0.4,393,
3B,hi,CA,BC_CB,1.6,0.5,392,
3B,hi,CA,BC_CB,1.7000000000000002,0.0999999999999999,387,
3B,hi,CA,BC_CB,1.7000000000000002,0.1999999999999999,395,
3B,hi,CA,BC_CB,1.7000000000000002,0.3,395,
3B,hi,CA,BC_CB,1.7000000000000002,0.4,393,
3B,hi,CA,BC_CB,1.7000000000000002,0.5,393,
3B,hi,CA,BC_CB,1.8000000000000005,0.0999999999999999,386,
3B,hi,CA,BC_CB,1.8000000000000005,0.1999999999999999,394,
3B,hi,CA,BC_CB,1.8000000000000005,0.4,393,
3B,hi,CA,BC_CB,1.8000000000000005,0.5,393,
3B,hi,CA,BC_CB,1.9000000000000004,0.0999999999999999,387,
3B,hi,CA,BC_CB,1.9000000000000004,0.1999999999999999,394,
3B,hi,CA,BC_CB,1.9000000000000004,0.3,394,
3B,hi,CA,BC_CB,1.9000000000000004,0.4,393,
3B,hi,CA,BC_CB,1.9000000000000004,0.5,393,
3B,hi,CA,BC_CB,2.0000000000000004,0.0999999999999999,386,
3B,hi,CA,BC_CB,2.0000000000000004,0.1999999999999999,392,
3B,hi,CA,BC_CB,2.0000000000000004,0.3,394,
3B,hi,CA,BC_CB,2.0000000000000004,0.4,392,
3B,hi,CA,BC_CB,2.0000000000000004,0.5,393,
3B,ar,AB,BC_CB,0.3,0.6,371,
3B,ar,AB,BC_CB,0.3,0.3,349,
3B,ar,AB,BC_CB,0.3,0.8999999999999999,366,
3B,ar,AB,BC_CB,0.3,1.2,326,
3B,ar,AB,BC_CB,0.3,1.5,291,
3B,ar,AB,BC_CB,0.3,1.8,262,
3B,ar,AB,BC_CB,0.6,0.3,340,
3B,ar,AB,BC_CB,0.6,0.6,357,
3B,ar,AB,BC_CB,0.6,0.8999999999999999,345,
3B,ar,AB,BC_CB,0.6,1.2,320,
3B,ar,AB,BC_CB,0.6,1.5,283,
3B,ar,AB,BC_CB,0.6,1.8,250,
3B,ar,AB,BC_CB,0.8999999999999999,0.3,324,
3B,ar,AB,BC_CB,0.8999999999999999,0.6,346,
3B,ar,AB,BC_CB,0.8999999999999999,0.8999999999999999,326,
3B,ar,AB,BC_CB,0.8999999999999999,1.2,307,
3B,ar,AB,BC_CB,0.8999999999999999,1.5,272,
3B,ar,AB,BC_CB,0.8999999999999999,1.8,246,
3B,ar,AB,BC_CB,1.2,0.3,307,
3B,ar,AB,BC_CB,1.2,0.6,340,
3B,ar,AB,BC_CB,1.2,0.8999999999999999,332,
3B,ar,AB,BC_CB,1.2,1.2,301,
3B,ar,AB,BC_CB,1.2,1.5,263,
3B,ar,AB,BC_CB,1.2,1.8,254,
3B,ar,AB,BC_CB,1.5,0.3,293,
3B,ar,AB,BC_CB,1.5,0.6,333,
3B,ar,AB,BC_CB,1.5,0.8999999999999999,323,
3B,ar,AB,BC_CB,1.5,1.2,296,
3B,ar,AB,BC_CB,1.5,1.5,275,
3B,ar,AB,BC_CB,1.5,1.8,253,
3B,ar,AB,BC_CB,1.8,0.3,272,
3B,ar,AB,BC_CB,1.8,0.6,329,
3B,ar,AB,BC_CB,1.8,0.8999999999999999,318,
3B,ar,AB,BC_CB,1.8,1.2,294,
3B,ar,AB,BC_CB,1.8,1.5,274,
3B,ar,AB,BC_CB,1.8,1.8,253,
3B,ar,AB,BC_CB,2.1,0.3,261,
3B,ar,AB,BC_CB,2.1,0.6,311,
3B,ar,AB,BC_CB,2.1,0.8999999999999999,304,
3B,ar,AB,BC_CB,2.1,1.2,282,
3B,ar,AB,BC_CB,2.1,1.5,259,
3B,ar,AB,BC_CB,2.1,1.8,247,
3B,ar,AB,BC_CB,2.4,0.3,239,
3B,ar,AB,BC_CB,2.4,0.6,285,
3B,ar,AB,BC_CB,2.4,0.8999999999999999,280,
3B,ar,AB,BC_CB,2.4,1.2,272,
3B,ar,AB,BC_CB,2.4,1.5,246,
3B,ar,AB,BC_CB,2.4,1.8,224,
3B,ar,AB,BC_CB,2.7,0.3,216,
3B,ar,AB,BC_CB,2.7,0.6,251,
3B,ar,AB,BC_CB,2.7,0.8999999999999999,252,
3B,ar,AB,BC_CB,2.7,1.2,241,
3B,ar,AB,BC_CB,2.7,1.5,230,
3B,ar,AB,BC_CB,2.7,1.8,222,
3B,ar,AB,BC_CB,3.0,0.3,188,
3B,ar,AB,BC_CB,3.0,0.6,222,
3B,ar,AB,BC_CB,3.0,0.8999999999999999,225,
3B,ar,AB,BC_CB,3.0,1.2,227,
3B,ar,AB,BC_CB,3.0,1.5,220,
3B,ar,AB,BC_CB,3.0,1.8,213,
3B,ar,AB,BC_CB,0.0999999999999999,0.5,369,
3B,ar,AB,BC_CB,0.0999999999999999,0.3999999999999999,365,
3B,ar,AB,BC_CB,0.0999999999999999,0.6000000000000001,363,
3B,ar,AB,BC_CB,0.0999999999999999,0.7000000000000001,364,
3B,ar,AB,BC_CB,0.0999999999999999,0.8,357,
3B,ar,AB,BC_CB,0.1999999999999999,0.3999999999999999,365,
3B,ar,AB,BC_CB,0.1999999999999999,0.5,371,
3B,ar,AB,BC_CB,0.1999999999999999,0.6000000000000001,373,376.0
3B,ar,AB,BC_CB,0.1999999999999999,0.7000000000000001,368,
3B,ar,AB,BC_CB,0.1999999999999999,0.8,366,
3B,ar,AB,BC_CB,0.3,0.3999999999999999,365,
3B,ar,AB,BC_CB,0.3,0.5,371,
3B,ar,AB,BC_CB,0.3,0.7000000000000001,369,
3B,ar,AB,BC_CB,0.3,0.8,367,
3B,ar,AB,BC_CB,0.4,0.3999999999999999,360,
3B,ar,AB,BC_CB,0.4,0.5,366,
3B,ar,AB,BC_CB,0.4,0.7000000000000001,367,
3B,ar,AB,BC_CB,0.4,0.6000000000000001,369,
3B,ar,AB,BC_CB,0.4,0.8,365,
3B,ar,AB,BC_CB,0.5,0.3999999999999999,355,
3B,ar,AB,BC_CB,0.5,0.5,360,
3B,ar,AB,BC_CB,0.5,0.6000000000000001,360,
3B,ar,AB,BC_CB,0.5,0.7000000000000001,360,
3B,ar,AB,BC_CB,0.5,0.8,359,
3B,ar,AB,CA_AC,0.3,0.3,362,
3B,ar,AB,CA_AC,0.3,0.6,379,
3B,ar,AB,CA_AC,0.3,0.8999999999999999,382,
3B,ar,AB,CA_AC,0.3,1.2,372,
3B,ar,AB,CA_AC,0.3,1.5,364,
3B,ar,AB,CA_AC,0.3,1.8,333,
3B,ar,AB,CA_AC,0.6,0.3,345,
3B,ar,AB,CA_AC,0.6,0.6,364,
3B,ar,AB,CA_AC,0.6,1.2,355,
3B,ar,AB,CA_AC,0.6,0.8999999999999999,364,
3B,ar,AB,CA_AC,0.6,1.8,329,
3B,ar,AB,CA_AC,0.6,1.5,346,
3B,ar,AB,CA_AC,0.8999999999999999,0.6,351,
3B,ar,AB,CA_AC,0.8999999999999999,0.3,327,
3B,ar,AB,CA_AC,0.8999999999999999,0.8999999999999999,352,
3B,ar,AB,CA_AC,0.8999999999999999,1.2,340,
3B,ar,AB,CA_AC,0.8999999999999999,1.5,325,
3B,ar,AB,CA_AC,0.8999999999999999,1.8,309,
3B,ar,AB,CA_AC,1.2,0.3,291,
3B,ar,AB,CA_AC,1.2,0.6,336,
3B,ar,AB,CA_AC,1.2,1.2,318,
3B,ar,AB,CA_AC,1.2,0.8999999999999999,329,
3B,ar,AB,CA_AC,1.2,1.5,312,
3B,ar,AB,CA_AC,1.2,1.8,294,
3B,ar,AB,CA_AC,1.5,0.3,268,
3B,ar,AB,CA_AC,1.5,0.6,307,
3B,ar,AB,CA_AC,1.5,0.8999999999999999,315,
3B,ar,AB,CA_AC,1.5,1.2,309,
3B,ar,AB,CA_AC,1.5,1.5,301,
3B,ar,AB,CA_AC,1.5,1.8,286,
3B,ar,AB,CA_AC,1.8,0.3,239,
3B,ar,AB,CA_AC,1.8,0.6,282,
3B,ar,AB,CA_AC,1.8,0.8999999999999999,301,
3B,ar,AB,CA_AC,1.8,1.2,296,
3B,ar,AB,CA_AC,1.8,1.5,291,
3B,ar,AB,CA_AC,1.8,1.8,278,
3B,ar,AB,CA_AC,2.1,0.3,205,
3B,ar,AB,CA_AC,2.1,0.6,263,
3B,ar,AB,CA_AC,2.1,0.8999999999999999,278,
3B,ar,AB,CA_AC,2.1,1.2,285,
3B,ar,AB,CA_AC,2.1,1.8,266,
3B,ar,AB,CA_AC,2.1,1.5,281,
3B,ar,AB,CA_AC,2.4,0.6,236,
3B,ar,AB,CA_AC,2.4,0.3,179,
3B,ar,AB,CA_AC,2.4,0.8999999999999999,258,
3B,ar,AB,CA_AC,2.4,1.2,264,
3B,ar,AB,CA_AC,2.4,1.5,264,
3B,ar,AB,CA_AC,2.4,1.8,258,
3B,ar,AB,CA_AC,2.7,0.3,162,
3B,ar,AB,CA_AC,2.7,0.6,205,
3B,ar,AB,CA_AC,2.7,0.8999999999999999,233,
3B,ar,AB,CA_AC,2.7,1.2,241,
3B,ar,AB,CA_AC,2.7,1.5,247,
3B,ar,AB,CA_AC,2.7,1.8,234,
3B,ar,AB,CA_AC,3.0,0.6,190,
3B,ar,AB,CA_AC,3.0,0.3,153,
3B,ar,AB,CA_AC,3.0,0.8999999999999999,211,
3B,ar,AB,CA_AC,3.0,1.2,219,
3B,ar,AB,CA_AC,3.0,1.5,219,
3B,ar,AB,CA_AC,3.0,1.8,214,
3B,ar,AB,CA_AC,0.0999999999999999,0.7,383,
3B,ar,AB,CA_AC,0.0999999999999999,0.7999999999999999,382,
3B,ar,AB,CA_AC,0.0999999999999999,1.0,377,
3B,ar,AB,CA_AC,0.0999999999999999,0.8999999999999999,380,
3B,ar,AB,CA_AC,0.0999999999999999,1.1,372,
3B,ar,AB,CA_AC,0.1999999999999999,0.7,384,
3B,ar,AB,CA_AC,0.1999999999999999,0.7999999999999999,384,
3B,ar,AB,CA_AC,0.1999999999999999,0.8999999999999999,385,382.0
3B,ar,AB,CA_AC,0.1999999999999999,1.0,384,
3B,ar,AB,CA_AC,0.1999999999999999,1.1,378,
3B,ar,AB,CA_AC,0.3,0.7,383,
3B,ar,AB,CA_AC,0.3,0.7999999999999999,384,
3B,ar,AB,CA_AC,0.3,1.0,379,
3B,ar,AB,CA_AC,0.3,1.1,377,
3B,ar,AB,CA_AC,0.4,0.7,377,
3B,ar,AB,CA_AC,0.4,0.7999999999999999,377,
3B,ar,AB,CA_AC,0.4,0.8999999999999999,373,
3B,ar,AB,CA_AC,0.4,1.0,373,
3B,ar,AB,CA_AC,0.4,1.1,372,
3B,ar,AB,CA_AC,0.5,0.7,372,
3B,ar,AB,CA_AC,0.5,0.7999999999999999,372,
3B,ar,AB,CA_AC,0.5,0.8999999999999999,372,
3B,ar,AB,CA_AC,0.5,1.0,371,
3B,ar,AB,CA_AC,0.5,1.1,366,
3B,ar,BC,CA_AC,0.3,0.3,397,
3B,ar,BC,CA_AC,0.3,0.6,400,397.0
3B,ar,BC,CA_AC,0.3,0.8999999999999999,400,
3B,ar,BC,CA_AC,0.3,1.2,398,
3B,ar,BC,CA_AC,0.3,1.5,391,
3B,ar,BC,CA_AC,0.3,1.8,242,
3B,ar,BC,CA_AC,0.6,0.3,396,
3B,ar,BC,CA_AC,0.6,0.6,398,
3B,ar,BC,CA_AC,0.6,0.8999999999999999,398,
3B,ar,BC,CA_AC,0.6,1.2,398,
3B,ar,BC,CA_AC,0.6,1.5,397,
3B,ar,BC,CA_AC,0.6,1.8,391,
3B,ar,BC,CA_AC,0.8999999999999999,0.3,397,
3B,ar,BC,CA_AC,0.8999999999999999,0.6,398,
3B,ar,BC,CA_AC,0.8999999999999999,0.8999999999999999,398,
3B,ar,BC,CA_AC,0.8999999999999999,1.2,399,
3B,ar,BC,CA_AC,0.8999999999999999,1.5,398,
3B,ar,BC,CA_AC,0.8999999999999999,1.8,397,
3B,ar,BC,CA_AC,1.2,0.3,395,
3B,ar,BC,CA_AC,1.2,0.6,398,
3B,ar,BC,CA_AC,1.2,0.8999999999999999,400,
3B,ar,BC,CA_AC,1.2,1.2,400,
3B,ar,BC,CA_AC,1.2,1.5,399,
3B,ar,BC,CA_AC,1.2,1.8,397,
3B,ar,BC,CA_AC,1.5,0.3,396,
3B,ar,BC,CA_AC,1.5,0.6,400,
3B,ar,BC,CA_AC,1.5,0.8999999999999999,400,
3B,ar,BC,CA_AC,1.5,1.2,400,
3B,ar,BC,CA_AC,1.5,1.5,399,
3B,ar,BC,CA_AC,1.5,1.8,396,
3B,ar,BC,CA_AC,1.8,0.3,392,
3B,ar,BC,CA_AC,1.8,0.6,400,
3B,ar,BC,CA_AC,1.8,0.8999999999999999,400,
3B,ar,BC,CA_AC,1.8,1.2,399,
3B,ar,BC,CA_AC,1.8,1.5,397,
3B,ar,BC,CA_AC,1.8,1.8,394,
3B,ar,BC,CA_AC,2.1,0.3,387,
3B,ar,BC,CA_AC,2.1,0.6,399,
3B,ar,BC,CA_AC,2.1,0.8999999999999999,398,
3B,ar,BC,CA_AC,2.1,1.2,396,
3B,ar,BC,CA_AC,2.1,1.5,395,
3B,ar,BC,CA_AC,2.1,1.8,394,
3B,ar,BC,CA_AC,2.4,0.3,375,
3B,ar,BC,CA_AC,2.4,0.6,391,
3B,ar,BC,CA_AC,2.4,0.8999999999999999,393,
3B,ar,BC,CA_AC,2.4,1.2,393,
3B,ar,BC,CA_AC,2.4,1.5,393,
3B,ar,BC,CA_AC,2.4,1.8,387,
3B,ar,BC,CA_AC,2.7,0.3,367,
3B,ar,BC,CA_AC,2.7,0.6,387,
3B,ar,BC,CA_AC,2.7,0.8999999999999999,389,
3B,ar,BC,CA_AC,2.7,1.2,386,
3B,ar,BC,CA_AC,2.7,1.5,384,
3B,ar,BC,CA_AC,2.7,1.8,384,
3B,ar,BC,CA_AC,3.0,0.3,341,
3B,ar,BC,CA_AC,3.0,0.6,375,
3B,ar,BC,CA_AC,3.0,0.8999999999999999,382,
3B,ar,BC,CA_AC,3.0,1.2,381,
3B,ar,BC,CA_AC,3.0,1.5,376,
3B,ar,BC,CA_AC,3.0,1.8,377,
3B,ar,BC,CA_AC,0.0999999999999999,0.3999999999999999,396,
3B,ar,BC,CA_AC,0.0999999999999999,0.5,396,
3B,ar,BC,CA_AC,0.0999999999999999,0.6000000000000001,396,
3B,ar,BC,CA_AC,0.0999999999999999,0.7000000000000001,394,
3B,ar,BC,CA_AC,0.0999999999999999,0.8,390,
3B,ar,BC,CA_AC,0.1999999999999999,0.3999999999999999,399,
3B,ar,BC,CA_AC,0.1999999999999999,0.5,400,
3B,ar,BC,CA_AC,0.1999999999999999,0.6000000000000001,400,
3B,ar,BC,CA_AC,0.1999999999999999,0.7000000000000001,400,
3B,ar,BC,CA_AC,0.1999999999999999,0.8,400,
3B,ar,BC,CA_AC,0.3,0.3999999999999999,399,
3B,ar,BC,CA_AC,0.3,0.5,400,
3B,ar,BC,CA_AC,0.3,0.7000000000000001,400,
3B,ar,BC,CA_AC,0.3,0.8,400,
3B,ar,BC,CA_AC,0.4,0.3999999999999999,398,
3B,ar,BC,CA_AC,0.4,0.5,399,
3B,ar,BC,CA_AC,0.4,0.6000000000000001,399,
3B,ar,BC,CA_AC,0.4,0.7000000000000001,399,
3B,ar,BC,CA_AC,0.4,0.8,399,
3B,ar,BC,CA_AC,0.5,0.3999999999999999,398,
3B,ar,BC,CA_AC,0.5,0.5,398,
3B,ar,BC,CA_AC,0.5,0.6000000000000001,398,
3B,ar,BC,CA_AC,0.5,0.7000000000000001,398,
3B,ar,BC,CA_AC,0.5,0.8,398,
3B,ar,BC,AB_BA,0.3,0.6,400,397.0
3B,ar,BC,AB_BA,0.3,0.3,397,
3B,ar,BC,AB_BA,0.3,0.8999999999999999,361,
3B,ar,BC,AB_BA,0.3,1.2,86,
3B,ar,BC,AB_BA,0.3,1.5,5,
3B,ar,BC,AB_BA,0.3,1.8,1,
3B,ar,BC,AB_BA,0.6,0.3,397,
3B,ar,BC,AB_BA,0.6,0.6,400,
3B,ar,BC,AB_BA,0.6,0.8999999999999999,399,
3B,ar,BC,AB_BA,0.6,1.2,398,
3B,ar,BC,AB_BA,0.6,1.5,391,
3B,ar,BC,AB_BA,0.6,1.8,255,
3B,ar,BC,AB_BA,0.8999999999999999,0.3,392,
3B,ar,BC,AB_BA,0.8999999999999999,0.6,398,
3B,ar,BC,AB_BA,0.8999999999999999,0.8999999999999999,399,
3B,ar,BC,AB_BA,0.8999999999999999,1.2,399,
3B,ar,BC,AB_BA,0.8999999999999999,1.5,398,
3B,ar,BC,AB_BA,0.8999999999999999,1.8,393,
3B,ar,BC,AB_BA,1.2,0.3,388,
3B,ar,BC,AB_BA,1.2,0.6,398,
3B,ar,BC,AB_BA,1.2,0.8999999999999999,398,
3B,ar,BC,AB_BA,1.2,1.2,398,
3B,ar,BC,AB_BA,1.2,1.5,396,
3B,ar,BC,AB_BA,1.2,1.8,393,
3B,ar,BC,AB_BA,1.5,0.3,381,
3B,ar,BC,AB_BA,1.5,0.6,395,
3B,ar,BC,AB_BA,1.5,0.8999999999999999,395,
3B,ar,BC,AB_BA,1.5,1.2,391,
3B,ar,BC,AB_BA,1.5,1.5,390,
3B,ar,BC,AB_BA,1.5,1.8,389,
3B,ar,BC,AB_BA,1.8,0.3,370,
3B,ar,BC,AB_BA,1.8,0.6,382,
3B,ar,BC,AB_BA,1.8,0.8999999999999999,387,
3B,ar,BC,AB_BA,1.8,1.2,386,
3B,ar,BC,AB_BA,1.8,1.5,382,
3B,ar,BC,AB_BA,1.8,1.8,378,
3B,ar,BC,AB_BA,2.1,0.3,354,
3B,ar,BC,AB_BA,2.1,0.6,374,
3B,ar,BC,AB_BA,2.1,0.8999999999999999,379,
3B,ar,BC,AB_BA,2.1,1.2,380,
3B,ar,BC,AB_BA,2.1,1.5,375,
3B,ar,BC,AB_BA,2.1,1.8,368,
3B,ar,BC,AB_BA,2.4,0.3,333,
3B,ar,BC,AB_BA,2.4,0.6,361,
3B,ar,BC,AB_BA,2.4,0.8999999999999999,370,
3B,ar,BC,AB_BA,2.4,1.2,368,
3B,ar,BC,AB_BA,2.4,1.5,363,
3B,ar,BC,AB_BA,2.4,1.8,361,
3B,ar,BC,AB_BA,2.7,0.3,307,
3B,ar,BC,AB_BA,2.7,0.6,350,
3B,ar,BC,AB_BA,2.7,0.8999999999999999,356,
3B,ar,BC,AB_BA,2.7,1.2,359,
3B,ar,BC,AB_BA,2.7,1.5,355,
3B,ar,BC,AB_BA,2.7,1.8,349,
3B,ar,BC,AB_BA,3.0,0.3,291,
3B,ar,BC,AB_BA,3.0,0.6,316,
3B,ar,BC,AB_BA,3.0,0.8999999999999999,333,
3B,ar,BC,AB_BA,3.0,1.2,338,
3B,ar,BC,AB_BA,3.0,1.5,335,
3B,ar,BC,AB_BA,3.0,1.8,334,
3B,ar,BC,AB_BA,0.0999999999999999,0.3999999999999999,357,
3B,ar,BC,AB_BA,0.0999999999999999,0.5,259,
3B,ar,BC,AB_BA,0.0999999999999999,0.7000000000000001,60,
3B,ar,BC,AB_BA,0.0999999999999999,0.6000000000000001,152,
3B,ar,BC,AB_BA,0.0999999999999999,0.8,12,
3B,ar,BC,AB_BA,0.1999999999999999,0.3999999999999999,398,
3B,ar,BC,AB_BA,0.1999999999999999,0.5,399,
3B,ar,BC,AB_BA,0.1999999999999999,0.6000000000000001,387,
3B,ar,BC,AB_BA,0.1999999999999999,0.7000000000000001,336,
3B,ar,BC,AB_BA,0.1999999999999999,0.8,226,
3B,ar,BC,AB_BA,0.3,0.3999999999999999,399,
3B,ar,BC,AB_BA,0.3,0.5,400,
3B,ar,BC,AB_BA,0.3,0.7000000000000001,399,
3B,ar,BC,AB_BA,0.3,0.8,393,
3B,ar,BC,AB_BA,0.4,0.3999999999999999,398,
3B,ar,BC,AB_BA,0.4,0.5,400,
3B,ar,BC,AB_BA,0.4,0.7000000000000001,400,
3B,ar,BC,AB_BA,0.4,0.6000000000000001,400,
3B,ar,BC,AB_BA,0.4,0.8,399,
3B,ar,BC,AB_BA,0.5,0.3999999999999999,398,
3B,ar,BC,AB_BA,0.5,0.5,400,
3B,ar,BC,AB_BA,0.5,0.6000000000000001,400,
3B,ar,BC,AB_BA,0.5,0.7000000000000001,399,
3B,ar,BC,AB_BA,0.5,0.8,399,
3B,ar,CA,AB_BA,0.3,0.3,379,
3B,ar,CA,AB_BA,0.3,0.6,385,
3B,ar,CA,AB_BA,0.3,1.2,6,
3B,ar,CA,AB_BA,0.3,0.8999999999999999,301,
3B,ar,CA,AB_BA,0.3,1.5,0,
3B,ar,CA,AB_BA,0.3,1.8,0,
3B,ar,CA,AB_BA,0.6,0.3,377,
3B,ar,CA,AB_BA,0.6,0.6,384,
3B,ar,CA,AB_BA,0.6,0.8999999999999999,382,
3B,ar,CA,AB_BA,0.6,1.2,375,
3B,ar,CA,AB_BA,0.6,1.8,0,
3B,ar,CA,AB_BA,0.6,1.5,160,
3B,ar,CA,AB_BA,0.8999999999999999,0.6,376,
3B,ar,CA,AB_BA,0.8999999999999999,0.3,355,
3B,ar,CA,AB_BA,0.8999999999999999,0.8999999999999999,378,
3B,ar,CA,AB_BA,0.8999999999999999,1.2,374,
3B,ar,CA,AB_BA,0.8999999999999999,1.5,367,
3B,ar,CA,AB_BA,0.8999999999999999,1.8,315,
3B,ar,CA,AB_BA,1.2,0.3,333,
3B,ar,CA,AB_BA,1.2,0.6,364,
3B,ar,CA,AB_BA,1.2,0.8999999999999999,369,
3B,ar,CA,AB_BA,1.2,1.2,371,
3B,ar,CA,AB_BA,1.2,1.5,365,
3B,ar,CA,AB_BA,1.2,1.8,346,
3B,ar,CA,AB_BA,1.5,0.3,320,
3B,ar,CA,AB_BA,1.5,0.6,348,
3B,ar,CA,AB_BA,1.5,0.8999999999999999,357,
3B,ar,CA,AB_BA,1.5,1.2,351,
3B,ar,CA,AB_BA,1.5,1.5,339,
3B,ar,CA,AB_BA,1.5,1.8,332,
3B,ar,CA,AB_BA,1.8,0.3,305,
3B,ar,CA,AB_BA,1.8,0.6,334,
3B,ar,CA,AB_BA,1.8,0.8999999999999999,339,
3B,ar,CA,AB_BA,1.8,1.2,330,
3B,ar,CA,AB_BA,1.8,1.5,323,
3B,ar,CA,AB_BA,1.8,1.8,319,
3B,ar,CA,AB_BA,2.1,0.3,282,
3B,ar,CA,AB_BA,2.1,0.6,319,
3B,ar,CA,AB_BA,2.1,0.8999999999999999,321,
3B,ar,CA,AB_BA,2.1,1.2,314,
3B,ar,CA,AB_BA,2.1,1.5,312,
3B,ar,CA,AB_BA,2.1,1.8,308,
3B,ar,CA,AB_BA,2.4,0.3,261,
3B,ar,CA,AB_BA,2.4,0.6,303,
3B,ar,CA,AB_BA,2.4,0.8999999999999999,303,
3B,ar,CA,AB_BA,2.4,1.2,303,
3B,ar,CA,AB_BA,2.4,1.5,299,
3B,ar,CA,AB_BA,2.4,1.8,296,
3B,ar,CA,AB_BA,2.7,0.3,242,
3B,ar,CA,AB_BA,2.7,0.6,283,
3B,ar,CA,AB_BA,2.7,0.8999999999999999,297,
3B,ar,CA,AB_BA,2.7,1.2,292,
3B,ar,CA,AB_BA,2.7,1.5,285,
3B,ar,CA,AB_BA,2.7,1.8,289,
3B,ar,CA,AB_BA,3.0,0.3,226,
3B,ar,CA,AB_BA,3.0,0.6,267,
3B,ar,CA,AB_BA,3.0,0.8999999999999999,280,
3B,ar,CA,AB_BA,3.0,1.2,276,
3B,ar,CA,AB_BA,3.0,1.5,279,
3B,ar,CA,AB_BA,3.0,1.8,284,
3B,ar,CA,AB_BA,0.0999999999999999,0.3999999999999999,349,
3B,ar,CA,AB_BA,0.0999999999999999,0.5,254,
3B,ar,CA,AB_BA,0.0999999999999999,0.7000000000000001,29,
3B,ar,CA,AB_BA,0.0999999999999999,0.6000000000000001,121,
3B,ar,CA,AB_BA,0.0999999999999999,0.8,5,
3B,ar,CA,AB_BA,0.1999999999999999,0.3999999999999999,381,
3B,ar,CA,AB_BA,0.1999999999999999,0.5,381,
3B,ar,CA,AB_BA,0.1999999999999999,0.6000000000000001,372,
3B,ar,CA,AB_BA,0.1999999999999999,0.7000000000000001,290,
3B,ar,CA,AB_BA,0.1999999999999999,0.8,155,
3B,ar,CA,AB_BA,0.3,0.3999999999999999,384,
3B,ar,CA,AB_BA,0.3,0.5,385,
3B,ar,CA,AB_BA,0.3,0.7000000000000001,383,
3B,ar,CA,AB_BA,0.3,0.8,371,
3B,ar,CA,AB_BA,0.4,0.3999999999999999,383,
3B,ar,CA,AB_BA,0.4,0.5,385,
3B,ar,CA,AB_BA,0.4,0.6000000000000001,386,382.0
3B,ar,CA,AB_BA,0.4,0.7000000000000001,386,
3B,ar,CA,AB_BA,0.4,0.8,386,
3B,ar,CA,AB_BA,0.5,0.3999999999999999,383,
3B,ar,CA,AB_BA,0.5,0.5,383,
3B,ar,CA,AB_BA,0.5,0.6000000000000001,384,
3B,ar,CA,AB_BA,0.5,0.7000000000000001,385,
3B,ar,CA,AB_BA,0.5,0.8,385,
3B,ar,CA,BC_CB,0.3,0.3,383,
3B,ar,CA,BC_CB,0.3,0.6,383,
3B,ar,CA,BC_CB,0.3,0.8999999999999999,380,
3B,ar,CA,BC_CB,0.3,1.2,358,
3B,ar,CA,BC_CB,0.3,1.5,249,
3B,ar,CA,BC_CB,0.3,1.8,87,
3B,ar,CA,BC_CB,0.6,0.3,387,
3B,ar,CA,BC_CB,0.6,0.6,387,
3B,ar,CA,BC_CB,0.6,0.8999999999999999,383,
3B,ar,CA,BC_CB,0.6,1.2,376,
3B,ar,CA,BC_CB,0.6,1.5,370,
3B,ar,CA,BC_CB,0.6,1.8,336,
3B,ar,CA,BC_CB,0.8999999999999999,0.3,391,
3B,ar,CA,BC_CB,0.8999999999999999,0.6,389,
3B,ar,CA,BC_CB,0.8999999999999999,0.8999999999999999,385,
3B,ar,CA,BC_CB,0.8999999999999999,1.2,383,
3B,ar,CA,BC_CB,0.8999999999999999,1.5,374,
3B,ar,CA,BC_CB,0.8999999999999999,1.8,354,
3B,ar,CA,BC_CB,1.2,0.3,391,
3B,ar,CA,BC_CB,1.2,0.6,392,
3B,ar,CA,BC_CB,1.2,0.8999999999999999,387,
3B,ar,CA,BC_CB,1.2,1.2,384,
3B,ar,CA,BC_CB,1.2,1.5,371,
3B,ar,CA,BC_CB,1.2,1.8,353,
3B,ar,CA,BC_CB,1.5,0.3,391,
3B,ar,CA,BC_CB,1.5,0.6,391,
3B,ar,CA,BC_CB,1.5,0.8999999999999999,388,
3B,ar,CA,BC_CB,1.5,1.2,384,
3B,ar,CA,BC_CB,1.5,1.5,370,
3B,ar,CA,BC_CB,1.5,1.8,346,
3B,ar,CA,BC_CB,1.8,0.3,392,
3B,ar,CA,BC_CB,1.8,0.6,392,
3B,ar,CA,BC_CB,1.8,0.8999999999999999,388,
3B,ar,CA,BC_CB,1.8,1.2,380,
3B,ar,CA,BC_CB,1.8,1.5,364,
3B,ar,CA,BC_CB,1.8,1.8,341,
3B,ar,CA,BC_CB,2.1,0.3,392,
3B,ar,CA,BC_CB,2.1,0.6,392,
3B,ar,CA,BC_CB,2.1,0.8999999999999999,388,
3B,ar,CA,BC_CB,2.1,1.2,379,
3B,ar,CA,BC_CB,2.1,1.5,358,
3B,ar,CA,BC_CB,2.1,1.8,327,
3B,ar,CA,BC_CB,2.4,0.3,393,392.0
3B,ar,CA,BC_CB,2.4,0.6,392,
3B,ar,CA,BC_CB,2.4,0.8999999999999999,388,
3B,ar,CA,BC_CB,2.4,1.2,375,
3B,ar,CA,BC_CB,2.4,1.5,349,
3B,ar,CA,BC_CB,2.4,1.8,317,
3B,ar,CA,BC_CB,2.7,0.3,391,
3B,ar,CA,BC_CB,2.7,0.6,392,
3B,ar,CA,BC_CB,2.7,0.8999999999999999,386,
3B,ar,CA,BC_CB,2.7,1.2,372,
3B,ar,CA,BC_CB,2.7,1.5,340,
3B,ar,CA,BC_CB,2.7,1.8,313,
3B,ar,CA,BC_CB,3.0,0.3,389,
3B,ar,CA,BC_CB,3.0,0.6,388,
3B,ar,CA,BC_CB,3.0,0.8999999999999999,381,
3B,ar,CA,BC_CB,3.0,1.2,364,
3B,ar,CA,BC_CB,3.0,1.5,325,
3B,ar,CA,BC_CB,3.0,1.8,299,
3B,ar,CA,BC_CB,2.2,0.0999999999999999,377,
3B,ar,CA,BC_CB,2.2,0.1999999999999999,389,
3B,ar,CA,BC_CB,2.2,0.3,392,
3B,ar,CA,BC_CB,2.2,0.4,391,
3B,ar,CA,BC_CB,2.2,0.5,392,
3B,ar,CA,BC_CB,2.3,0.0999999999999999,374,
3B,ar,CA,BC_CB,2.3,0.1999999999999999,386,
3B,ar,CA,BC_CB,2.3,0.3,392,
3B,ar,CA,BC_CB,2.3,0.4,393,
3B,ar,CA,BC_CB,2.3,0.5,392,
3B,ar,CA,BC_CB,2.4,0.0999999999999999,373,
3B,ar,CA,BC_CB,2.4,0.1999999999999999,388,
3B,ar,CA,BC_CB,2.4,0.4,393,
3B,ar,CA,BC_CB,2.4,0.5,393,
3B,ar,CA,BC_CB,2.5,0.0999999999999999,373,
3B,ar,CA,BC_CB,2.5,0.1999999999999999,388,
3B,ar,CA,BC_CB,2.5,0.3,392,
3B,ar,CA,BC_CB,2.5,0.4,393,
3B,ar,CA,BC_CB,2.5,0.5,393,
3B,ar,CA,BC_CB,2.6,0.0999999999999999,375,
3B,ar,CA,BC_CB,2.6,0.1999999999999999,387,
3B,ar,CA,BC_CB,2.6,0.3,393,
3B,ar,CA,BC_CB,2.6,0.4,393,
3B,ar,CA,BC_CB,2.6,0.5,393,
3B,es,AB,BC_CB,0.3,0.3,370,
3B,es,AB,BC_CB,0.3,0.6,373,
3B,es,AB,BC_CB,0.3,1.2,24,
3B,es,AB,BC_CB,0.3,0.8999999999999999,321,
3B,es,AB,BC_CB,0.3,1.5,3,
3B,es,AB,BC_CB,0.3,1.8,1,
3B,es,AB,BC_CB,0.6,0.3,353,
3B,es,AB,BC_CB,0.6,0.6,370,
3B,es,AB,BC_CB,0.6,0.8999999999999999,363,
3B,es,AB,BC_CB,0.6,1.2,346,
3B,es,AB,BC_CB,0.6,1.5,284,
3B,es,AB,BC_CB,0.6,1.8,217,
3B,es,AB,BC_CB,0.8999999999999999,0.3,338,
3B,es,AB,BC_CB,0.8999999999999999,0.6,356,
3B,es,AB,BC_CB,0.8999999999999999,0.8999999999999999,349,
3B,es,AB,BC_CB,0.8999999999999999,1.2,336,
3B,es,AB,BC_CB,0.8999999999999999,1.5,319,
3B,es,AB,BC_CB,0.8999999999999999,1.8,264,
3B,es,AB,BC_CB,1.2,0.3,321,
3B,es,AB,BC_CB,1.2,0.6,347,
3B,es,AB,BC_CB,1.2,0.8999999999999999,333,
3B,es,AB,BC_CB,1.2,1.2,319,
3B,es,AB,BC_CB,1.2,1.5,304,
3B,es,AB,BC_CB,1.2,1.8,283,
3B,es,AB,BC_CB,1.5,0.3,300,
3B,es,AB,BC_CB,1.5,0.6,328,
3B,es,AB,BC_CB,1.5,0.8999999999999999,324,
3B,es,AB,BC_CB,1.5,1.2,305,
3B,es,AB,BC_CB,1.5,1.5,288,
3B,es,AB,BC_CB,1.5,1.8,273,
3B,es,AB,BC_CB,1.8,0.3,256,
3B,es,AB,BC_CB,1.8,0.6,296,
3B,es,AB,BC_CB,1.8,0.8999999999999999,300,
3B,es,AB,BC_CB,1.8,1.2,289,
3B,es,AB,BC_CB,1.8,1.5,272,
3B,es,AB,BC_CB,1.8,1.8,258,
3B,es,AB,BC_CB,2.1,0.3,221,
3B,es,AB,BC_CB,2.1,0.6,259,
3B,es,AB,BC_CB,2.1,0.8999999999999999,272,
3B,es,AB,BC_CB,2.1,1.2,273,
3B,es,AB,BC_CB,2.1,1.5,254,
3B,es,AB,BC_CB,2.1,1.8,244,
3B,es,AB,BC_CB,2.4,0.3,200,
3B,es,AB,BC_CB,2.4,0.6,237,
3B,es,AB,BC_CB,2.4,0.8999999999999999,259,
3B,es,AB,BC_CB,2.4,1.2,259,
3B,es,AB,BC_CB,2.4,1.5,246,
3B,es,AB,BC_CB,2.4,1.8,237,
3B,es,AB,BC_CB,2.7,0.3,189,
3B,es,AB,BC_CB,2.7,0.6,224,
3B,es,AB,BC_CB,2.7,0.8999999999999999,240,
3B,es,AB,BC_CB,2.7,1.2,248,
3B,es,AB,BC_CB,2.7,1.5,236,
3B,es,AB,BC_CB,2.7,1.8,228,
3B,es,AB,BC_CB,3.0,0.3,183,
3B,es,AB,BC_CB,3.0,0.6,209,
3B,es,AB,BC_CB,3.0,0.8999999999999999,229,
3B,es,AB,BC_CB,3.0,1.2,232,
3B,es,AB,BC_CB,3.0,1.5,229,
3B,es,AB,BC_CB,3.0,1.8,220,
3B,es,AB,BC_CB,0.0999999999999999,0.3999999999999999,307,
3B,es,AB,BC_CB,0.0999999999999999,0.5,186,
3B,es,AB,BC_CB,0.0999999999999999,0.7000000000000001,15,
3B,es,AB,BC_CB,0.0999999999999999,0.6000000000000001,79,
3B,es,AB,BC_CB,0.0999999999999999,0.8,1,
3B,es,AB,BC_CB,0.1999999999999999,0.3999999999999999,372,
3B,es,AB,BC_CB,0.1999999999999999,0.5,374,
3B,es,AB,BC_CB,0.1999999999999999,0.6000000000000001,354,
3B,es,AB,BC_CB,0.1999999999999999,0.7000000000000001,294,
3B,es,AB,BC_CB,0.1999999999999999,0.8,156,
3B,es,AB,BC_CB,0.3,0.3999999999999999,373,
3B,es,AB,BC_CB,0.3,0.5,375,378.0
3B,es,AB,BC_CB,0.3,0.7000000000000001,374,
3B,es,AB,BC_CB,0.3,0.8,362,
3B,es,AB,BC_CB,0.4,0.3999999999999999,374,
3B,es,AB,BC_CB,0.4,0.5,375,
3B,es,AB,BC_CB,0.4,0.6000000000000001,374,
3B,es,AB,BC_CB,0.4,0.7000000000000001,372,
3B,es,AB,BC_CB,0.5,0.3999999999999999,369,
3B,es,AB,BC_CB,0.4,0.8,373,
3B,es,AB,BC_CB,0.5,0.5,373,
3B,es,AB,BC_CB,0.5,0.6000000000000001,371,
3B,es,AB,BC_CB,0.5,0.7000000000000001,373,
3B,es,AB,BC_CB,0.5,0.8,370,
3B,es,AB,CA_AC,0.3,0.6,386,
3B,es,AB,CA_AC,0.3,0.3,380,
3B,es,AB,CA_AC,0.3,0.8999999999999999,375,
3B,es,AB,CA_AC,0.3,1.2,334,
3B,es,AB,CA_AC,0.3,1.5,258,
3B,es,AB,CA_AC,0.3,1.8,174,
3B,es,AB,CA_AC,0.6,0.3,357,
3B,es,AB,CA_AC,0.6,0.6,362,
3B,es,AB,CA_AC,0.6,0.8999999999999999,350,
3B,es,AB,CA_AC,0.6,1.2,330,
3B,es,AB,CA_AC,0.6,1.8,271,
3B,es,AB,CA_AC,0.6,1.5,298,
3B,es,AB,CA_AC,0.8999999999999999,0.3,335,
3B,es,AB,CA_AC,0.8999999999999999,0.6,342,
3B,es,AB,CA_AC,0.8999999999999999,1.2,304,
3B,es,AB,CA_AC,0.8999999999999999,0.8999999999999999,328,
3B,es,AB,CA_AC,0.8999999999999999,1.5,279,
3B,es,AB,CA_AC,0.8999999999999999,1.8,266,
3B,es,AB,CA_AC,1.2,0.3,295,
3B,es,AB,CA_AC,1.2,0.6,301,
3B,es,AB,CA_AC,1.2,0.8999999999999999,299,
3B,es,AB,CA_AC,1.2,1.2,281,
3B,es,AB,CA_AC,1.2,1.5,268,
3B,es,AB,CA_AC,1.2,1.8,255,
3B,es,AB,CA_AC,1.5,0.3,259,
3B,es,AB,CA_AC,1.5,0.6,269,
3B,es,AB,CA_AC,1.5,0.8999999999999999,263,
3B,es,AB,CA_AC,1.5,1.2,262,
3B,es,AB,CA_AC,1.5,1.5,249,
3B,es,AB,CA_AC,1.5,1.8,244,
3B,es,AB,CA_AC,1.8,0.3,229,
3B,es,AB,CA_AC,1.8,0.6,239,
3B,es,AB,CA_AC,1.8,0.8999999999999999,241,
3B,es,AB,CA_AC,1.8,1.2,238,
3B,es,AB,CA_AC,1.8,1.5,236,
3B,es,AB,CA_AC,1.8,1.8,233,
3B,es,AB,CA_AC,2.1,0.3,213,
3B,es,AB,CA_AC,2.1,0.6,224,
3B,es,AB,CA_AC,2.1,0.8999999999999999,224,
3B,es,AB,CA_AC,2.1,1.2,222,
3B,es,AB,CA_AC,2.1,1.5,224,
3B,es,AB,CA_AC,2.1,1.8,225,
3B,es,AB,CA_AC,2.4,0.3,203,
3B,es,AB,CA_AC,2.4,0.6,212,
3B,es,AB,CA_AC,2.4,0.8999999999999999,215,
3B,es,AB,CA_AC,2.4,1.2,218,
3B,es,AB,CA_AC,2.4,1.5,216,
3B,es,AB,CA_AC,2.4,1.8,216,
3B,es,AB,CA_AC,2.7,0.3,199,
3B,es,AB,CA_AC,2.7,0.6,208,
3B,es,AB,CA_AC,2.7,0.8999999999999999,208,
3B,es,AB,CA_AC,2.7,1.2,214,
3B,es,AB,CA_AC,2.7,1.5,215,
3B,es,AB,CA_AC,2.7,1.8,215,
3B,es,AB,CA_AC,3.0,0.3,192,
3B,es,AB,CA_AC,3.0,0.6,209,
3B,es,AB,CA_AC,3.0,0.8999999999999999,208,
3B,es,AB,CA_AC,3.0,1.2,210,
3B,es,AB,CA_AC,3.0,1.5,213,
3B,es,AB,CA_AC,3.0,1.8,216,
3B,es,AB,CA_AC,0.0999999999999999,0.3999999999999999,357,
3B,es,AB,CA_AC,0.0999999999999999,0.5,298,
3B,es,AB,CA_AC,0.0999999999999999,0.6000000000000001,182,
3B,es,AB,CA_AC,0.0999999999999999,0.7000000000000001,78,
3B,es,AB,CA_AC,0.0999999999999999,0.8,32,
3B,es,AB,CA_AC,0.1999999999999999,0.3999999999999999,389,
3B,es,AB,CA_AC,0.1999999999999999,0.5,391,
3B,es,AB,CA_AC,0.1999999999999999,0.6000000000000001,393,388.0
3B,es,AB,CA_AC,0.1999999999999999,0.7000000000000001,382,
3B,es,AB,CA_AC,0.1999999999999999,0.8,343,
3B,es,AB,CA_AC,0.3,0.3999999999999999,386,
3B,es,AB,CA_AC,0.3,0.5,389,
3B,es,AB,CA_AC,0.3,0.7000000000000001,385,
3B,es,AB,CA_AC,0.3,0.8,379,
3B,es,AB,CA_AC,0.4,0.3999999999999999,379,
3B,es,AB,CA_AC,0.4,0.5,378,
3B,es,AB,CA_AC,0.4,0.6000000000000001,378,
3B,es,AB,CA_AC,0.4,0.7000000000000001,376,
3B,es,AB,CA_AC,0.4,0.8,369,
3B,es,AB,CA_AC,0.5,0.3999999999999999,372,
3B,es,AB,CA_AC,0.5,0.5,374,
3B,es,AB,CA_AC,0.5,0.6000000000000001,374,
3B,es,AB,CA_AC,0.5,0.7000000000000001,369,
3B,es,AB,CA_AC,0.5,0.8,361,
3B,es,BC,CA_AC,0.3,0.3,395,
3B,es,BC,CA_AC,0.3,0.6,399,
3B,es,BC,CA_AC,0.3,0.8999999999999999,398,
3B,es,BC,CA_AC,0.3,1.2,395,
3B,es,BC,CA_AC,0.3,1.5,346,
3B,es,BC,CA_AC,0.3,1.8,88,
3B,es,BC,CA_AC,0.6,0.3,397,
3B,es,BC,CA_AC,0.6,0.6,398,
3B,es,BC,CA_AC,0.6,0.8999999999999999,399,
3B,es,BC,CA_AC,0.6,1.2,399,
3B,es,BC,CA_AC,0.6,1.5,396,
3B,es,BC,CA_AC,0.6,1.8,322,
3B,es,BC,CA_AC,0.8999999999999999,0.3,396,
3B,es,BC,CA_AC,0.8999999999999999,0.6,399,
3B,es,BC,CA_AC,0.8999999999999999,0.8999999999999999,400,399.0
3B,es,BC,CA_AC,0.8999999999999999,1.2,398,
3B,es,BC,CA_AC,0.8999999999999999,1.5,398,
3B,es,BC,CA_AC,0.8999999999999999,1.8,392,
3B,es,BC,CA_AC,1.2,0.6,399,
3B,es,BC,CA_AC,1.2,0.3,397,
3B,es,BC,CA_AC,1.2,0.8999999999999999,399,
3B,es,BC,CA_AC,1.2,1.2,399,
3B,es,BC,CA_AC,1.2,1.5,398,
3B,es,BC,CA_AC,1.2,1.8,397,
3B,es,BC,CA_AC,1.5,0.3,395,
3B,es,BC,CA_AC,1.5,0.6,399,
3B,es,BC,CA_AC,1.5,0.8999999999999999,399,
3B,es,BC,CA_AC,1.5,1.2,399,
3B,es,BC,CA_AC,1.5,1.5,398,
3B,es,BC,CA_AC,1.5,1.8,397,
3B,es,BC,CA_AC,1.8,0.3,390,
3B,es,BC,CA_AC,1.8,0.6,397,
3B,es,BC,CA_AC,1.8,1.2,399,
3B,es,BC,CA_AC,1.8,0.8999999999999999,398,
3B,es,BC,CA_AC,1.8,1.5,398,
3B,es,BC,CA_AC,1.8,1.8,396,
3B,es,BC,CA_AC,2.1,0.3,387,
3B,es,BC,CA_AC,2.1,0.6,397,
3B,es,BC,CA_AC,2.1,1.2,399,
3B,es,BC,CA_AC,2.1,0.8999999999999999,398,
3B,es,BC,CA_AC,2.1,1.5,398,
3B,es,BC,CA_AC,2.1,1.8,384,
3B,es,BC,CA_AC,2.4,0.3,378,
3B,es,BC,CA_AC,2.4,0.6,397,
3B,es,BC,CA_AC,2.4,0.8999999999999999,398,
3B,es,BC,CA_AC,2.4,1.2,398,
3B,es,BC,CA_AC,2.4,1.8,310,
3B,es,BC,CA_AC,2.4,1.5,393,
3B,es,BC,CA_AC,2.7,0.3,370,
3B,es,BC,CA_AC,2.7,0.6,395,
3B,es,BC,CA_AC,2.7,1.2,392,
3B,es,BC,CA_AC,2.7,0.8999999999999999,397,
3B,es,BC,CA_AC,2.7,1.5,342,
3B,es,BC,CA_AC,2.7,1.8,233,
3B,es,BC,CA_AC,3.0,0.3,357,
3B,es,BC,CA_AC,3.0,0.6,389,
3B,es,BC,CA_AC,3.0,0.8999999999999999,383,
3B,es,BC,CA_AC,3.0,1.2,347,
3B,es,BC,CA_AC,3.0,1.5,259,
3B,es,BC,CA_AC,3.0,1.8,204,
3B,es,BC,CA_AC,0.7,0.7,399,
3B,es,BC,CA_AC,0.7,0.7999999999999999,399,
3B,es,BC,CA_AC,0.7,0.8999999999999999,399,
3B,es,BC,CA_AC,0.7,1.0,399,
3B,es,BC,CA_AC,0.7999999999999999,0.7,400,
3B,es,BC,CA_AC,0.7,1.1,399,
3B,es,BC,CA_AC,0.7999999999999999,0.7999999999999999,399,
3B,es,BC,CA_AC,0.7999999999999999,0.8999999999999999,399,
3B,es,BC,CA_AC,0.7999999999999999,1.0,399,
3B,es,BC,CA_AC,0.7999999999999999,1.1,399,
3B,es,BC,CA_AC,0.8999999999999999,0.7999999999999999,400,
3B,es,BC,CA_AC,0.8999999999999999,0.7,399,
3B,es,BC,CA_AC,0.8999999999999999,1.0,398,
3B,es,BC,CA_AC,0.8999999999999999,1.1,398,
3B,es,BC,CA_AC,1.0,0.7,399,
3B,es,BC,CA_AC,1.0,0.7999999999999999,399,
3B,es,BC,CA_AC,1.0,0.8999999999999999,399,
3B,es,BC,CA_AC,1.0,1.0,399,
3B,es,BC,CA_AC,1.0,1.1,399,
3B,es,BC,CA_AC,1.1,0.7,399,
3B,es,BC,CA_AC,1.1,0.7999999999999999,399,
3B,es,BC,CA_AC,1.1,0.8999999999999999,399,
3B,es,BC,CA_AC,1.1,1.0,399,
3B,es,BC,CA_AC,1.1,1.1,399,
3B,es,BC,AB_BA,0.3,0.6,395,
3B,es,BC,AB_BA,0.3,0.3,390,
3B,es,BC,AB_BA,0.3,0.8999999999999999,380,
3B,es,BC,AB_BA,0.3,1.2,231,
3B,es,BC,AB_BA,0.3,1.5,8,
3B,es,BC,AB_BA,0.3,1.8,1,
3B,es,BC,AB_BA,0.6,0.3,396,
3B,es,BC,AB_BA,0.6,0.6,396,
3B,es,BC,AB_BA,0.6,0.8999999999999999,390,
3B,es,BC,AB_BA,0.6,1.2,384,
3B,es,BC,AB_BA,0.6,1.5,334,
3B,es,BC,AB_BA,0.6,1.8,25,
3B,es,BC,AB_BA,0.8999999999999999,0.3,395,
3B,es,BC,AB_BA,0.8999999999999999,0.6,396,
3B,es,BC,AB_BA,0.8999999999999999,0.8999999999999999,396,
3B,es,BC,AB_BA,0.8999999999999999,1.2,371,
3B,es,BC,AB_BA,0.8999999999999999,1.5,367,
3B,es,BC,AB_BA,0.8999999999999999,1.8,283,
3B,es,BC,AB_BA,1.2,0.3,390,
3B,es,BC,AB_BA,1.2,0.6,396,
3B,es,BC,AB_BA,1.2,0.8999999999999999,396,
3B,es,BC,AB_BA,1.2,1.2,391,
3B,es,BC,AB_BA,1.2,1.5,382,
3B,es,BC,AB_BA,1.2,1.8,348,
3B,es,BC,AB_BA,1.5,0.3,390,
3B,es,BC,AB_BA,1.5,0.6,396,
3B,es,BC,AB_BA,1.5,0.8999999999999999,394,
3B,es,BC,AB_BA,1.5,1.2,391,
3B,es,BC,AB_BA,1.5,1.5,395,
3B,es,BC,AB_BA,1.5,1.8,390,
3B,es,BC,AB_BA,1.8,0.3,387,
3B,es,BC,AB_BA,1.8,0.6,394,
3B,es,BC,AB_BA,1.8,0.8999999999999999,393,
3B,es,BC,AB_BA,1.8,1.2,391,
3B,es,BC,AB_BA,1.8,1.5,393,
3B,es,BC,AB_BA,1.8,1.8,395,
3B,es,BC,AB_BA,2.1,0.3,383,
3B,es,BC,AB_BA,2.1,0.6,392,
3B,es,BC,AB_BA,2.1,0.8999999999999999,392,
3B,es,BC,AB_BA,2.1,1.2,388,
3B,es,BC,AB_BA,2.1,1.5,393,
3B,es,BC,AB_BA,2.1,1.8,393,
3B,es,BC,AB_BA,2.4,0.3,384,
3B,es,BC,AB_BA,2.4,0.6,390,
3B,es,BC,AB_BA,2.4,0.8999999999999999,391,
3B,es,BC,AB_BA,2.4,1.2,389,
3B,es,BC,AB_BA,2.4,1.5,392,
3B,es,BC,AB_BA,2.4,1.8,392,
3B,es,BC,AB_BA,2.7,0.3,381,
3B,es,BC,AB_BA,2.7,0.6,388,
3B,es,BC,AB_BA,2.7,0.8999999999999999,388,
3B,es,BC,AB_BA,2.7,1.2,387,
3B,es,BC,AB_BA,2.7,1.5,391,
3B,es,BC,AB_BA,2.7,1.8,393,
3B,es,BC,AB_BA,3.0,0.3,378,
3B,es,BC,AB_BA,3.0,0.6,385,
3B,es,BC,AB_BA,3.0,0.8999999999999999,387,
3B,es,BC,AB_BA,3.0,1.2,387,
3B,es,BC,AB_BA,3.0,1.5,390,
3B,es,BC,AB_BA,3.0,1.8,392,
3B,es,BC,AB_BA,0.3999999999999999,0.1999999999999999,390,
3B,es,BC,AB_BA,0.3999999999999999,0.0999999999999999,374,
3B,es,BC,AB_BA,0.3999999999999999,0.4,396,
3B,es,BC,AB_BA,0.3999999999999999,0.3,392,
3B,es,BC,AB_BA,0.3999999999999999,0.5,397,396.0
3B,es,BC,AB_BA,0.5,0.0999999999999999,374,
3B,es,BC,AB_BA,0.5,0.1999999999999999,390,
3B,es,BC,AB_BA,0.5,0.3,395,
3B,es,BC,AB_BA,0.5,0.4,396,
3B,es,BC,AB_BA,0.5,0.5,397,
3B,es,BC,AB_BA,0.6000000000000001,0.0999999999999999,374,
3B,es,BC,AB_BA,0.6000000000000001,0.1999999999999999,391,
3B,es,BC,AB_BA,0.6000000000000001,0.4,397,
3B,es,BC,AB_BA,0.6000000000000001,0.5,396,
3B,es,BC,AB_BA,0.7000000000000001,0.0999999999999999,369,
3B,es,BC,AB_BA,0.7000000000000001,0.1999999999999999,391,
3B,es,BC,AB_BA,0.7000000000000001,0.3,396,
3B,es,BC,AB_BA,0.7000000000000001,0.4,396,
3B,es,BC,AB_BA,0.7000000000000001,0.5,396,
3B,es,BC,AB_BA,0.8,0.0999999999999999,367,
3B,es,BC,AB_BA,0.8,0.1999999999999999,391,
3B,es,BC,AB_BA,0.8,0.3,396,
3B,es,BC,AB_BA,0.8,0.4,396,
3B,es,BC,AB_BA,0.8,0.5,396,
3B,es,CA,AB_BA,0.3,0.6,362,
3B,es,CA,AB_BA,0.3,0.3,376,
3B,es,CA,AB_BA,0.3,1.2,7,
3B,es,CA,AB_BA,0.3,0.8999999999999999,146,
3B,es,CA,AB_BA,0.3,1.5,0,
3B,es,CA,AB_BA,0.3,1.8,0,
3B,es,CA,AB_BA,0.6,0.3,383,
3B,es,CA,AB_BA,0.6,0.6,387,
3B,es,CA,AB_BA,0.6,1.2,369,
3B,es,CA,AB_BA,0.6,0.8999999999999999,383,
3B,es,CA,AB_BA,0.6,1.8,4,
3B,es,CA,AB_BA,0.6,1.5,187,
3B,es,CA,AB_BA,0.8999999999999999,0.3,378,
3B,es,CA,AB_BA,0.8999999999999999,0.6,388,
3B,es,CA,AB_BA,0.8999999999999999,0.8999999999999999,384,
3B,es,CA,AB_BA,0.8999999999999999,1.2,372,
3B,es,CA,AB_BA,0.8999999999999999,1.5,356,
3B,es,CA,AB_BA,0.8999999999999999,1.8,330,
3B,es,CA,AB_BA,1.2,0.3,353,
3B,es,CA,AB_BA,1.2,0.6,382,
3B,es,CA,AB_BA,1.2,0.8999999999999999,381,
3B,es,CA,AB_BA,1.2,1.2,364,
3B,es,CA,AB_BA,1.2,1.8,310,
3B,es,CA,AB_BA,1.2,1.5,353,
3B,es,CA,AB_BA,1.5,0.3,343,
3B,es,CA,AB_BA,1.5,0.6,372,
3B,es,CA,AB_BA,1.5,0.8999999999999999,374,
3B,es,CA,AB_BA,1.5,1.2,360,
3B,es,CA,AB_BA,1.5,1.5,338,
3B,es,CA,AB_BA,1.5,1.8,289,
3B,es,CA,AB_BA,1.8,0.3,339,
3B,es,CA,AB_BA,1.8,0.6,365,
3B,es,CA,AB_BA,1.8,0.8999999999999999,366,
3B,es,CA,AB_BA,1.8,1.2,351,
3B,es,CA,AB_BA,1.8,1.5,320,
3B,es,CA,AB_BA,1.8,1.8,272,
3B,es,CA,AB_BA,2.1,0.3,330,
3B,es,CA,AB_BA,2.1,0.6,357,
3B,es,CA,AB_BA,2.1,0.8999999999999999,353,
3B,es,CA,AB_BA,2.1,1.2,338,
3B,es,CA,AB_BA,2.1,1.5,307,
3B,es,CA,AB_BA,2.1,1.8,268,
3B,es,CA,AB_BA,2.4,0.3,320,
3B,es,CA,AB_BA,2.4,0.6,343,
3B,es,CA,AB_BA,2.4,0.8999999999999999,343,
3B,es,CA,AB_BA,2.4,1.2,331,
3B,es,CA,AB_BA,2.4,1.5,296,
3B,es,CA,AB_BA,2.4,1.8,258,
3B,es,CA,AB_BA,2.7,0.3,311,
3B,es,CA,AB_BA,2.7,0.6,337,
3B,es,CA,AB_BA,2.7,0.8999999999999999,339,
3B,es,CA,AB_BA,2.7,1.2,323,
3B,es,CA,AB_BA,2.7,1.5,287,
3B,es,CA,AB_BA,2.7,1.8,252,
3B,es,CA,AB_BA,3.0,0.3,307,
3B,es,CA,AB_BA,3.0,0.6,328,
3B,es,CA,AB_BA,3.0,0.8999999999999999,333,
3B,es,CA,AB_BA,3.0,1.2,313,
3B,es,CA,AB_BA,3.0,1.5,281,
3B,es,CA,AB_BA,3.0,1.8,248,
3B,es,CA,AB_BA,0.7,0.5,389,
3B,es,CA,AB_BA,0.7,0.3999999999999999,388,
3B,es,CA,AB_BA,0.7,0.7000000000000001,388,
3B,es,CA,AB_BA,0.7,0.6000000000000001,389,
3B,es,CA,AB_BA,0.7,0.8,386,
3B,es,CA,AB_BA,0.7999999999999999,0.3999999999999999,385,
3B,es,CA,AB_BA,0.7999999999999999,0.5,387,
3B,es,CA,AB_BA,0.7999999999999999,0.6000000000000001,391,383.0
3B,es,CA,AB_BA,0.7999999999999999,0.7000000000000001,388,
3B,es,CA,AB_BA,0.7999999999999999,0.8,388,
3B,es,CA,AB_BA,0.8999999999999999,0.3999999999999999,384,
3B,es,CA,AB_BA,0.8999999999999999,0.5,387,
3B,es,CA,AB_BA,0.8999999999999999,0.7000000000000001,387,
3B,es,CA,AB_BA,0.8999999999999999,0.8,386,
3B,es,CA,AB_BA,1.0,0.3999999999999999,383,
3B,es,CA,AB_BA,1.0,0.5,386,
3B,es,CA,AB_BA,1.0,0.6000000000000001,387,
3B,es,CA,AB_BA,1.0,0.7000000000000001,385,
3B,es,CA,AB_BA,1.0,0.8,385,
3B,es,CA,AB_BA,1.1,0.3999999999999999,378,
3B,es,CA,AB_BA,1.1,0.5,384,
3B,es,CA,AB_BA,1.1,0.6000000000000001,384,
3B,es,CA,AB_BA,1.1,0.7000000000000001,384,
3B,es,CA,AB_BA,1.1,0.8,384,
3B,es,CA,BC_CB,0.3,0.6,386,
3B,es,CA,BC_CB,0.3,0.3,385,
3B,es,CA,BC_CB,0.3,0.8999999999999999,337,
3B,es,CA,BC_CB,0.3,1.2,79,
3B,es,CA,BC_CB,0.3,1.8,0,
3B,es,CA,BC_CB,0.3,1.5,14,
3B,es,CA,BC_CB,0.6,0.3,384,
3B,es,CA,BC_CB,0.6,0.6,385,
3B,es,CA,BC_CB,0.6,0.8999999999999999,369,
3B,es,CA,BC_CB,0.6,1.2,333,
3B,es,CA,BC_CB,0.6,1.5,259,
3B,es,CA,BC_CB,0.6,1.8,82,
3B,es,CA,BC_CB,0.8999999999999999,0.3,384,
3B,es,CA,BC_CB,0.8999999999999999,0.6,386,
3B,es,CA,BC_CB,0.8999999999999999,0.8999999999999999,386,
3B,es,CA,BC_CB,0.8999999999999999,1.2,364,
3B,es,CA,BC_CB,0.8999999999999999,1.5,320,
3B,es,CA,BC_CB,0.8999999999999999,1.8,220,
3B,es,CA,BC_CB,1.2,0.3,384,
3B,es,CA,BC_CB,1.2,0.6,386,
3B,es,CA,BC_CB,1.2,0.8999999999999999,388,
3B,es,CA,BC_CB,1.2,1.2,383,
3B,es,CA,BC_CB,1.2,1.5,370,
3B,es,CA,BC_CB,1.2,1.8,331,
3B,es,CA,BC_CB,1.5,0.3,386,
3B,es,CA,BC_CB,1.5,0.6,388,
3B,es,CA,BC_CB,1.5,0.8999999999999999,387,
3B,es,CA,BC_CB,1.5,1.2,385,
3B,es,CA,BC_CB,1.5,1.5,370,
3B,es,CA,BC_CB,1.5,1.8,359,
3B,es,CA,BC_CB,1.8,0.6,388,
3B,es,CA,BC_CB,1.8,0.3,387,
3B,es,CA,BC_CB,1.8,0.8999999999999999,387,
3B,es,CA,BC_CB,1.8,1.2,383,
3B,es,CA,BC_CB,1.8,1.5,370,
3B,es,CA,BC_CB,1.8,1.8,362,
3B,es,CA,BC_CB,2.1,0.3,389,
3B,es,CA,BC_CB,2.1,0.6,389,
3B,es,CA,BC_CB,2.1,0.8999999999999999,389,
3B,es,CA,BC_CB,2.1,1.2,382,
3B,es,CA,BC_CB,2.1,1.5,372,
3B,es,CA,BC_CB,2.1,1.8,366,
3B,es,CA,BC_CB,2.4,0.3,393,
3B,es,CA,BC_CB,2.4,0.6,390,
3B,es,CA,BC_CB,2.4,0.8999999999999999,390,
3B,es,CA,BC_CB,2.4,1.2,382,
3B,es,CA,BC_CB,2.4,1.5,376,
3B,es,CA,BC_CB,2.4,1.8,371,
3B,es,CA,BC_CB,2.7,0.3,394,
3B,es,CA,BC_CB,2.7,0.6,392,
3B,es,CA,BC_CB,2.7,0.8999999999999999,391,
3B,es,CA,BC_CB,2.7,1.2,384,
3B,es,CA,BC_CB,2.7,1.5,380,
3B,es,CA,BC_CB,2.7,1.8,372,
3B,es,CA,BC_CB,3.0,0.3,395,
3B,es,CA,BC_CB,3.0,0.6,394,
3B,es,CA,BC_CB,3.0,0.8999999999999999,393,
3B,es,CA,BC_CB,3.0,1.2,387,
3B,es,CA,BC_CB,3.0,1.5,383,
3B,es,CA,BC_CB,3.0,1.8,375,
3B,es,CA,BC_CB,2.7999999999999994,0.0999999999999999,392,
3B,es,CA,BC_CB,2.7999999999999994,0.1999999999999999,394,
3B,es,CA,BC_CB,2.7999999999999994,0.3,395,
3B,es,CA,BC_CB,2.7999999999999994,0.4,394,
3B,es,CA,BC_CB,2.7999999999999994,0.5,394,
3B,es,CA,BC_CB,2.8999999999999995,0.0999999999999999,395,
3B,es,CA,BC_CB,2.8999999999999995,0.1999999999999999,394,
3B,es,CA,BC_CB,2.8999999999999995,0.3,394,
3B,es,CA,BC_CB,2.8999999999999995,0.4,394,
3B,es,CA,BC_CB,2.8999999999999995,0.5,394,
3B,es,CA,BC_CB,3.0,0.0999999999999999,395,
3B,es,CA,BC_CB,3.0,0.1999999999999999,395,
3B,es,CA,BC_CB,3.0,0.4,394,
3B,es,CA,BC_CB,3.0,0.5,395,
3B,es,CA,BC_CB,3.1,0.1999999999999999,395,
3B,es,CA,BC_CB,3.1,0.0999999999999999,396,396.0
3B,es,CA,BC_CB,3.1,0.4,394,
3B,es,CA,BC_CB,3.1,0.3,395,
3B,es,CA,BC_CB,3.1,0.5,395,
3B,es,CA,BC_CB,3.2,0.0999999999999999,396,
3B,es,CA,BC_CB,3.2,0.3,395,
3B,es,CA,BC_CB,3.2,0.1999999999999999,396,
3B,es,CA,BC_CB,3.2,0.5,394,
3B,es,CA,BC_CB,3.2,0.4,394,
3B,zh-cn,AB,BC_CB,0.3,0.3,361,
3B,zh-cn,AB,BC_CB,0.3,0.6,380,
3B,zh-cn,AB,BC_CB,0.3,1.2,306,
3B,zh-cn,AB,BC_CB,0.3,0.8999999999999999,363,
3B,zh-cn,AB,BC_CB,0.3,1.5,279,
3B,zh-cn,AB,BC_CB,0.3,1.8,128,
3B,zh-cn,AB,BC_CB,0.6,0.3,362,
3B,zh-cn,AB,BC_CB,0.6,0.6,387,382.0
3B,zh-cn,AB,BC_CB,0.6,0.8999999999999999,384,
3B,zh-cn,AB,BC_CB,0.6,1.2,353,
3B,zh-cn,AB,BC_CB,0.6,1.5,269,
3B,zh-cn,AB,BC_CB,0.6,1.8,263,
3B,zh-cn,AB,BC_CB,0.8999999999999999,0.3,354,
3B,zh-cn,AB,BC_CB,0.8999999999999999,0.6,380,
3B,zh-cn,AB,BC_CB,0.8999999999999999,0.8999999999999999,385,
3B,zh-cn,AB,BC_CB,0.8999999999999999,1.2,378,
3B,zh-cn,AB,BC_CB,0.8999999999999999,1.5,326,
3B,zh-cn,AB,BC_CB,0.8999999999999999,1.8,208,
3B,zh-cn,AB,BC_CB,1.2,0.3,329,
3B,zh-cn,AB,BC_CB,1.2,0.6,377,
3B,zh-cn,AB,BC_CB,1.2,0.8999999999999999,381,
3B,zh-cn,AB,BC_CB,1.2,1.2,378,
3B,zh-cn,AB,BC_CB,1.2,1.5,360,
3B,zh-cn,AB,BC_CB,1.2,1.8,301,
3B,zh-cn,AB,BC_CB,1.5,0.3,309,
3B,zh-cn,AB,BC_CB,1.5,0.6,363,
3B,zh-cn,AB,BC_CB,1.5,0.8999999999999999,382,
3B,zh-cn,AB,BC_CB,1.5,1.2,375,
3B,zh-cn,AB,BC_CB,1.5,1.5,369,
3B,zh-cn,AB,BC_CB,1.5,1.8,333,
3B,zh-cn,AB,BC_CB,1.8,0.3,296,
3B,zh-cn,AB,BC_CB,1.8,0.6,353,
3B,zh-cn,AB,BC_CB,1.8,0.8999999999999999,374,
3B,zh-cn,AB,BC_CB,1.8,1.2,373,
3B,zh-cn,AB,BC_CB,1.8,1.5,369,
3B,zh-cn,AB,BC_CB,1.8,1.8,345,
3B,zh-cn,AB,BC_CB,2.1,0.3,287,
3B,zh-cn,AB,BC_CB,2.1,0.6,346,
3B,zh-cn,AB,BC_CB,2.1,0.8999999999999999,368,
3B,zh-cn,AB,BC_CB,2.1,1.2,373,
3B,zh-cn,AB,BC_CB,2.1,1.5,372,
3B,zh-cn,AB,BC_CB,2.1,1.8,356,
3B,zh-cn,AB,BC_CB,2.4,0.3,280,
3B,zh-cn,AB,BC_CB,2.4,0.6,347,
3B,zh-cn,AB,BC_CB,2.4,0.8999999999999999,366,
3B,zh-cn,AB,BC_CB,2.4,1.2,368,
3B,zh-cn,AB,BC_CB,2.4,1.5,372,
3B,zh-cn,AB,BC_CB,2.4,1.8,366,
3B,zh-cn,AB,BC_CB,2.7,0.3,287,
3B,zh-cn,AB,BC_CB,2.7,0.6,348,
3B,zh-cn,AB,BC_CB,2.7,0.8999999999999999,363,
3B,zh-cn,AB,BC_CB,2.7,1.2,370,
3B,zh-cn,AB,BC_CB,2.7,1.5,375,
3B,zh-cn,AB,BC_CB,2.7,1.8,367,
3B,zh-cn,AB,BC_CB,3.0,0.3,287,
3B,zh-cn,AB,BC_CB,3.0,0.6,344,
3B,zh-cn,AB,BC_CB,3.0,0.8999999999999999,362,
3B,zh-cn,AB,BC_CB,3.0,1.2,368,
3B,zh-cn,AB,BC_CB,3.0,1.5,371,
3B,zh-cn,AB,BC_CB,3.0,1.8,368,
3B,zh-cn,AB,BC_CB,0.3999999999999999,0.3999999999999999,376,
3B,zh-cn,AB,BC_CB,0.3999999999999999,0.5,379,
3B,zh-cn,AB,BC_CB,0.3999999999999999,0.6000000000000001,382,
3B,zh-cn,AB,BC_CB,0.3999999999999999,0.7000000000000001,384,
3B,zh-cn,AB,BC_CB,0.3999999999999999,0.8,381,
3B,zh-cn,AB,BC_CB,0.5,0.3999999999999999,376,
3B,zh-cn,AB,BC_CB,0.5,0.5,381,
3B,zh-cn,AB,BC_CB,0.5,0.6000000000000001,386,
3B,zh-cn,AB,BC_CB,0.5,0.7000000000000001,385,
3B,zh-cn,AB,BC_CB,0.5,0.8,383,
3B,zh-cn,AB,BC_CB,0.6000000000000001,0.3999999999999999,377,
3B,zh-cn,AB,BC_CB,0.6000000000000001,0.5,380,
3B,zh-cn,AB,BC_CB,0.6000000000000001,0.7000000000000001,387,
3B,zh-cn,AB,BC_CB,0.6000000000000001,0.8,387,
3B,zh-cn,AB,BC_CB,0.7000000000000001,0.3999999999999999,375,
3B,zh-cn,AB,BC_CB,0.7000000000000001,0.5,380,
3B,zh-cn,AB,BC_CB,0.7000000000000001,0.6000000000000001,384,
3B,zh-cn,AB,BC_CB,0.7000000000000001,0.7000000000000001,386,
3B,zh-cn,AB,BC_CB,0.7000000000000001,0.8,387,
3B,zh-cn,AB,BC_CB,0.8,0.3999999999999999,374,
3B,zh-cn,AB,BC_CB,0.8,0.5,378,
3B,zh-cn,AB,BC_CB,0.8,0.6000000000000001,382,
3B,zh-cn,AB,BC_CB,0.8,0.7000000000000001,385,
3B,zh-cn,AB,BC_CB,0.8,0.8,386,
3B,zh-cn,AB,CA_AC,0.3,0.6,377,
3B,zh-cn,AB,CA_AC,0.3,0.3,367,
3B,zh-cn,AB,CA_AC,0.3,0.8999999999999999,347,
3B,zh-cn,AB,CA_AC,0.3,1.2,326,
3B,zh-cn,AB,CA_AC,0.3,1.5,192,
3B,zh-cn,AB,CA_AC,0.3,1.8,60,
3B,zh-cn,AB,CA_AC,0.6,0.3,363,
3B,zh-cn,AB,CA_AC,0.6,0.6,377,
3B,zh-cn,AB,CA_AC,0.6,0.8999999999999999,360,
3B,zh-cn,AB,CA_AC,0.6,1.2,300,
3B,zh-cn,AB,CA_AC,0.6,1.5,261,
3B,zh-cn,AB,CA_AC,0.6,1.8,203,
3B,zh-cn,AB,CA_AC,0.8999999999999999,0.3,363,
3B,zh-cn,AB,CA_AC,0.8999999999999999,0.6,376,
3B,zh-cn,AB,CA_AC,0.8999999999999999,0.8999999999999999,368,
3B,zh-cn,AB,CA_AC,0.8999999999999999,1.2,325,
3B,zh-cn,AB,CA_AC,0.8999999999999999,1.5,272,
3B,zh-cn,AB,CA_AC,0.8999999999999999,1.8,261,
3B,zh-cn,AB,CA_AC,1.2,0.3,358,
3B,zh-cn,AB,CA_AC,1.2,0.6,373,
3B,zh-cn,AB,CA_AC,1.2,0.8999999999999999,369,
3B,zh-cn,AB,CA_AC,1.2,1.2,350,
3B,zh-cn,AB,CA_AC,1.2,1.5,288,
3B,zh-cn,AB,CA_AC,1.2,1.8,230,
3B,zh-cn,AB,CA_AC,1.5,0.3,355,
3B,zh-cn,AB,CA_AC,1.5,0.6,370,
3B,zh-cn,AB,CA_AC,1.5,0.8999999999999999,375,
3B,zh-cn,AB,CA_AC,1.5,1.2,359,
3B,zh-cn,AB,CA_AC,1.5,1.5,314,
3B,zh-cn,AB,CA_AC,1.5,1.8,231,
3B,zh-cn,AB,CA_AC,1.8,0.3,346,
3B,zh-cn,AB,CA_AC,1.8,0.6,367,
3B,zh-cn,AB,CA_AC,1.8,0.8999999999999999,368,
3B,zh-cn,AB,CA_AC,1.8,1.2,356,
3B,zh-cn,AB,CA_AC,1.8,1.5,314,
3B,zh-cn,AB,CA_AC,1.8,1.8,234,
3B,zh-cn,AB,CA_AC,2.1,0.3,338,
3B,zh-cn,AB,CA_AC,2.1,0.6,359,
3B,zh-cn,AB,CA_AC,2.1,0.8999999999999999,350,
3B,zh-cn,AB,CA_AC,2.1,1.2,327,
3B,zh-cn,AB,CA_AC,2.1,1.5,279,
3B,zh-cn,AB,CA_AC,2.1,1.8,216,
3B,zh-cn,AB,CA_AC,2.4,0.3,333,
3B,zh-cn,AB,CA_AC,2.4,0.6,349,
3B,zh-cn,AB,CA_AC,2.4,0.8999999999999999,329,
3B,zh-cn,AB,CA_AC,2.4,1.2,292,
3B,zh-cn,AB,CA_AC,2.4,1.5,230,
3B,zh-cn,AB,CA_AC,2.4,1.8,204,
3B,zh-cn,AB,CA_AC,2.7,0.3,333,
3B,zh-cn,AB,CA_AC,2.7,0.6,339,
3B,zh-cn,AB,CA_AC,2.7,0.8999999999999999,311,
3B,zh-cn,AB,CA_AC,2.7,1.2,262,
3B,zh-cn,AB,CA_AC,2.7,1.5,216,
3B,zh-cn,AB,CA_AC,2.7,1.8,199,
3B,zh-cn,AB,CA_AC,3.0,0.3,331,
3B,zh-cn,AB,CA_AC,3.0,0.6,340,
3B,zh-cn,AB,CA_AC,3.0,0.8999999999999999,300,
3B,zh-cn,AB,CA_AC,3.0,1.2,245,
3B,zh-cn,AB,CA_AC,3.0,1.5,206,
3B,zh-cn,AB,CA_AC,3.0,1.8,195,
3B,zh-cn,AB,CA_AC,0.0999999999999999,0.3999999999999999,361,
3B,zh-cn,AB,CA_AC,0.0999999999999999,0.5,360,
3B,zh-cn,AB,CA_AC,0.0999999999999999,0.6000000000000001,354,
3B,zh-cn,AB,CA_AC,0.0999999999999999,0.7000000000000001,347,
3B,zh-cn,AB,CA_AC,0.0999999999999999,0.8,330,
3B,zh-cn,AB,CA_AC,0.1999999999999999,0.3999999999999999,370,
3B,zh-cn,AB,CA_AC,0.1999999999999999,0.5,369,
3B,zh-cn,AB,CA_AC,0.1999999999999999,0.6000000000000001,366,
3B,zh-cn,AB,CA_AC,0.1999999999999999,0.7000000000000001,355,
3B,zh-cn,AB,CA_AC,0.1999999999999999,0.8,347,
3B,zh-cn,AB,CA_AC,0.3,0.3999999999999999,374,
3B,zh-cn,AB,CA_AC,0.3,0.5,376,
3B,zh-cn,AB,CA_AC,0.3,0.7000000000000001,368,
3B,zh-cn,AB,CA_AC,0.3,0.8,356,
3B,zh-cn,AB,CA_AC,0.4,0.3999999999999999,379,
3B,zh-cn,AB,CA_AC,0.4,0.5,378,
3B,zh-cn,AB,CA_AC,0.4,0.6000000000000001,372,
3B,zh-cn,AB,CA_AC,0.4,0.7000000000000001,367,
3B,zh-cn,AB,CA_AC,0.4,0.8,360,
3B,zh-cn,AB,CA_AC,0.5,0.3999999999999999,380,
3B,zh-cn,AB,CA_AC,0.5,0.5,381,374.0
3B,zh-cn,AB,CA_AC,0.5,0.6000000000000001,378,
3B,zh-cn,AB,CA_AC,0.5,0.7000000000000001,372,
3B,zh-cn,AB,CA_AC,0.5,0.8,367,
3B,zh-cn,BC,CA_AC,0.3,0.6,399,
3B,zh-cn,BC,CA_AC,0.3,0.3,397,
3B,zh-cn,BC,CA_AC,0.3,0.8999999999999999,399,
3B,zh-cn,BC,CA_AC,0.3,1.2,397,
3B,zh-cn,BC,CA_AC,0.3,1.5,393,
3B,zh-cn,BC,CA_AC,0.3,1.8,376,
3B,zh-cn,BC,CA_AC,0.6,0.3,399,
3B,zh-cn,BC,CA_AC,0.6,0.6,400,399.0
3B,zh-cn,BC,CA_AC,0.6,0.8999999999999999,400,
3B,zh-cn,BC,CA_AC,0.6,1.2,400,
3B,zh-cn,BC,CA_AC,0.6,1.5,398,
3B,zh-cn,BC,CA_AC,0.6,1.8,388,
3B,zh-cn,BC,CA_AC,0.8999999999999999,0.3,400,
3B,zh-cn,BC,CA_AC,0.8999999999999999,0.6,400,
3B,zh-cn,BC,CA_AC,0.8999999999999999,0.8999999999999999,400,
3B,zh-cn,BC,CA_AC,0.8999999999999999,1.2,400,
3B,zh-cn,BC,CA_AC,0.8999999999999999,1.5,398,
3B,zh-cn,BC,CA_AC,0.8999999999999999,1.8,393,
3B,zh-cn,BC,CA_AC,1.2,0.3,400,
3B,zh-cn,BC,CA_AC,1.2,0.6,400,
3B,zh-cn,BC,CA_AC,1.2,0.8999999999999999,400,
3B,zh-cn,BC,CA_AC,1.2,1.2,400,
3B,zh-cn,BC,CA_AC,1.2,1.5,398,
3B,zh-cn,BC,CA_AC,1.2,1.8,397,
3B,zh-cn,BC,CA_AC,1.5,0.3,399,
3B,zh-cn,BC,CA_AC,1.5,0.6,400,
3B,zh-cn,BC,CA_AC,1.5,0.8999999999999999,400,
3B,zh-cn,BC,CA_AC,1.5,1.2,399,
3B,zh-cn,BC,CA_AC,1.5,1.5,399,
3B,zh-cn,BC,CA_AC,1.5,1.8,396,
3B,zh-cn,BC,CA_AC,1.8,0.3,399,
3B,zh-cn,BC,CA_AC,1.8,0.6,400,
3B,zh-cn,BC,CA_AC,1.8,0.8999999999999999,400,
3B,zh-cn,BC,CA_AC,1.8,1.2,399,
3B,zh-cn,BC,CA_AC,1.8,1.5,397,
3B,zh-cn,BC,CA_AC,1.8,1.8,395,
3B,zh-cn,BC,CA_AC,2.1,0.3,399,
3B,zh-cn,BC,CA_AC,2.1,0.6,400,
3B,zh-cn,BC,CA_AC,2.1,0.8999999999999999,399,
3B,zh-cn,BC,CA_AC,2.1,1.2,398,
3B,zh-cn,BC,CA_AC,2.1,1.5,397,
3B,zh-cn,BC,CA_AC,2.1,1.8,396,
3B,zh-cn,BC,CA_AC,2.4,0.3,399,
3B,zh-cn,BC,CA_AC,2.4,0.6,399,
3B,zh-cn,BC,CA_AC,2.4,0.8999999999999999,399,
3B,zh-cn,BC,CA_AC,2.4,1.2,398,
3B,zh-cn,BC,CA_AC,2.4,1.5,396,
3B,zh-cn,BC,CA_AC,2.4,1.8,396,
3B,zh-cn,BC,CA_AC,2.7,0.3,399,
3B,zh-cn,BC,CA_AC,2.7,0.6,399,
3B,zh-cn,BC,CA_AC,2.7,0.8999999999999999,399,
3B,zh-cn,BC,CA_AC,2.7,1.2,399,
3B,zh-cn,BC,CA_AC,2.7,1.5,398,
3B,zh-cn,BC,CA_AC,2.7,1.8,397,
3B,zh-cn,BC,CA_AC,3.0,0.3,398,
3B,zh-cn,BC,CA_AC,3.0,0.6,399,
3B,zh-cn,BC,CA_AC,3.0,0.8999999999999999,399,
3B,zh-cn,BC,CA_AC,3.0,1.2,399,
3B,zh-cn,BC,CA_AC,3.0,1.5,399,
3B,zh-cn,BC,CA_AC,3.0,1.8,399,
3B,zh-cn,BC,CA_AC,0.3999999999999999,0.5,399,
3B,zh-cn,BC,CA_AC,0.3999999999999999,0.3999999999999999,399,
3B,zh-cn,BC,CA_AC,0.3999999999999999,0.6000000000000001,399,
3B,zh-cn,BC,CA_AC,0.3999999999999999,0.7000000000000001,400,
3B,zh-cn,BC,CA_AC,0.5,0.3999999999999999,400,
3B,zh-cn,BC,CA_AC,0.3999999999999999,0.8,400,
3B,zh-cn,BC,CA_AC,0.5,0.5,400,
3B,zh-cn,BC,CA_AC,0.5,0.6000000000000001,400,
3B,zh-cn,BC,CA_AC,0.5,0.7000000000000001,400,
3B,zh-cn,BC,CA_AC,0.5,0.8,400,
3B,zh-cn,BC,CA_AC,0.6000000000000001,0.3999999999999999,400,
3B,zh-cn,BC,CA_AC,0.6000000000000001,0.5,400,
3B,zh-cn,BC,CA_AC,0.6000000000000001,0.7000000000000001,400,
3B,zh-cn,BC,CA_AC,0.6000000000000001,0.8,400,
3B,zh-cn,BC,CA_AC,0.7000000000000001,0.5,400,
3B,zh-cn,BC,CA_AC,0.7000000000000001,0.3999999999999999,400,
3B,zh-cn,BC,CA_AC,0.7000000000000001,0.6000000000000001,400,
3B,zh-cn,BC,CA_AC,0.7000000000000001,0.7000000000000001,400,
3B,zh-cn,BC,CA_AC,0.8,0.3999999999999999,400,
3B,zh-cn,BC,CA_AC,0.7000000000000001,0.8,400,
3B,zh-cn,BC,CA_AC,0.8,0.6000000000000001,400,
3B,zh-cn,BC,CA_AC,0.8,0.5,400,
3B,zh-cn,BC,CA_AC,0.8,0.7000000000000001,400,
3B,zh-cn,BC,CA_AC,0.8,0.8,400,
3B,zh-cn,BC,AB_BA,0.3,0.3,396,
3B,zh-cn,BC,AB_BA,0.3,0.6,398,
3B,zh-cn,BC,AB_BA,0.3,0.8999999999999999,359,
3B,zh-cn,BC,AB_BA,0.3,1.2,287,
3B,zh-cn,BC,AB_BA,0.3,1.5,239,
3B,zh-cn,BC,AB_BA,0.3,1.8,220,
3B,zh-cn,BC,AB_BA,0.6,0.3,398,
3B,zh-cn,BC,AB_BA,0.6,0.6,398,
3B,zh-cn,BC,AB_BA,0.6,0.8999999999999999,357,
3B,zh-cn,BC,AB_BA,0.6,1.2,277,
3B,zh-cn,BC,AB_BA,0.6,1.5,237,
3B,zh-cn,BC,AB_BA,0.6,1.8,216,
3B,zh-cn,BC,AB_BA,0.8999999999999999,0.3,399,
3B,zh-cn,BC,AB_BA,0.8999999999999999,0.6,396,
3B,zh-cn,BC,AB_BA,0.8999999999999999,0.8999999999999999,363,
3B,zh-cn,BC,AB_BA,0.8999999999999999,1.2,280,
3B,zh-cn,BC,AB_BA,0.8999999999999999,1.5,229,
3B,zh-cn,BC,AB_BA,0.8999999999999999,1.8,217,
3B,zh-cn,BC,AB_BA,1.2,0.3,398,
3B,zh-cn,BC,AB_BA,1.2,0.6,391,
3B,zh-cn,BC,AB_BA,1.2,0.8999999999999999,338,
3B,zh-cn,BC,AB_BA,1.2,1.2,254,
3B,zh-cn,BC,AB_BA,1.2,1.5,230,
3B,zh-cn,BC,AB_BA,1.2,1.8,217,
3B,zh-cn,BC,AB_BA,1.5,0.3,396,
3B,zh-cn,BC,AB_BA,1.5,0.6,379,
3B,zh-cn,BC,AB_BA,1.5,0.8999999999999999,322,
3B,zh-cn,BC,AB_BA,1.5,1.2,255,
3B,zh-cn,BC,AB_BA,1.5,1.8,212,
3B,zh-cn,BC,AB_BA,1.5,1.5,223,
3B,zh-cn,BC,AB_BA,1.8,0.3,395,
3B,zh-cn,BC,AB_BA,1.8,0.6,369,
3B,zh-cn,BC,AB_BA,1.8,0.8999999999999999,311,
3B,zh-cn,BC,AB_BA,1.8,1.2,263,
3B,zh-cn,BC,AB_BA,1.8,1.5,224,
3B,zh-cn,BC,AB_BA,1.8,1.8,213,
3B,zh-cn,BC,AB_BA,2.1,0.6,368,
3B,zh-cn,BC,AB_BA,2.1,0.3,392,
3B,zh-cn,BC,AB_BA,2.1,0.8999999999999999,316,
3B,zh-cn,BC,AB_BA,2.1,1.2,266,
3B,zh-cn,BC,AB_BA,2.1,1.5,228,
3B,zh-cn,BC,AB_BA,2.1,1.8,217,
3B,zh-cn,BC,AB_BA,2.4,0.6,366,
3B,zh-cn,BC,AB_BA,2.4,0.3,386,
3B,zh-cn,BC,AB_BA,2.4,1.2,268,
3B,zh-cn,BC,AB_BA,2.4,0.8999999999999999,318,
3B,zh-cn,BC,AB_BA,2.4,1.5,236,
3B,zh-cn,BC,AB_BA,2.4,1.8,221,
3B,zh-cn,BC,AB_BA,2.7,0.3,382,
3B,zh-cn,BC,AB_BA,2.7,0.6,370,
3B,zh-cn,BC,AB_BA,2.7,0.8999999999999999,325,
3B,zh-cn,BC,AB_BA,2.7,1.2,281,
3B,zh-cn,BC,AB_BA,2.7,1.5,247,
3B,zh-cn,BC,AB_BA,2.7,1.8,225,
3B,zh-cn,BC,AB_BA,3.0,0.3,382,
3B,zh-cn,BC,AB_BA,3.0,0.6,370,
3B,zh-cn,BC,AB_BA,3.0,0.8999999999999999,337,
3B,zh-cn,BC,AB_BA,3.0,1.2,302,
3B,zh-cn,BC,AB_BA,3.0,1.5,263,
3B,zh-cn,BC,AB_BA,3.0,1.8,220,
3B,zh-cn,BC,AB_BA,0.7,0.0999999999999999,394,
3B,zh-cn,BC,AB_BA,0.7,0.1999999999999999,398,
3B,zh-cn,BC,AB_BA,0.7,0.4,400,396.0
3B,zh-cn,BC,AB_BA,0.7,0.3,399,
3B,zh-cn,BC,AB_BA,0.7,0.5,399,
3B,zh-cn,BC,AB_BA,0.7999999999999999,0.0999999999999999,394,
3B,zh-cn,BC,AB_BA,0.7999999999999999,0.1999999999999999,398,
3B,zh-cn,BC,AB_BA,0.7999999999999999,0.3,399,
3B,zh-cn,BC,AB_BA,0.7999999999999999,0.4,400,
3B,zh-cn,BC,AB_BA,0.7999999999999999,0.5,399,
3B,zh-cn,BC,AB_BA,0.8999999999999999,0.0999999999999999,395,
3B,zh-cn,BC,AB_BA,0.8999999999999999,0.1999999999999999,398,
3B,zh-cn,BC,AB_BA,0.8999999999999999,0.4,400,
3B,zh-cn,BC,AB_BA,0.8999999999999999,0.5,398,
3B,zh-cn,BC,AB_BA,1.0,0.0999999999999999,395,
3B,zh-cn,BC,AB_BA,1.0,0.1999999999999999,398,
3B,zh-cn,BC,AB_BA,1.0,0.3,399,
3B,zh-cn,BC,AB_BA,1.0,0.4,399,
3B,zh-cn,BC,AB_BA,1.0,0.5,397,
3B,zh-cn,BC,AB_BA,1.1,0.0999999999999999,395,
3B,zh-cn,BC,AB_BA,1.1,0.1999999999999999,398,
3B,zh-cn,BC,AB_BA,1.1,0.3,398,
3B,zh-cn,BC,AB_BA,1.1,0.4,398,
3B,zh-cn,BC,AB_BA,1.1,0.5,397,
3B,zh-cn,CA,AB_BA,0.3,0.6,349,
3B,zh-cn,CA,AB_BA,0.3,0.3,381,
3B,zh-cn,CA,AB_BA,0.3,0.8999999999999999,211,
3B,zh-cn,CA,AB_BA,0.3,1.2,205,
3B,zh-cn,CA,AB_BA,0.3,1.5,204,
3B,zh-cn,CA,AB_BA,0.3,1.8,199,
3B,zh-cn,CA,AB_BA,0.6,0.6,389,
3B,zh-cn,CA,AB_BA,0.6,0.3,383,
3B,zh-cn,CA,AB_BA,0.6,0.8999999999999999,311,
3B,zh-cn,CA,AB_BA,0.6,1.2,202,
3B,zh-cn,CA,AB_BA,0.6,1.5,201,
3B,zh-cn,CA,AB_BA,0.6,1.8,199,
3B,zh-cn,CA,AB_BA,0.8999999999999999,0.3,378,
3B,zh-cn,CA,AB_BA,0.8999999999999999,0.6,384,
3B,zh-cn,CA,AB_BA,0.8999999999999999,0.8999999999999999,388,
3B,zh-cn,CA,AB_BA,0.8999999999999999,1.2,345,
3B,zh-cn,CA,AB_BA,0.8999999999999999,1.5,206,
3B,zh-cn,CA,AB_BA,0.8999999999999999,1.8,195,
3B,zh-cn,CA,AB_BA,1.2,0.3,367,
3B,zh-cn,CA,AB_BA,1.2,0.6,379,
3B,zh-cn,CA,AB_BA,1.2,0.8999999999999999,382,
3B,zh-cn,CA,AB_BA,1.2,1.2,379,
3B,zh-cn,CA,AB_BA,1.2,1.5,314,
3B,zh-cn,CA,AB_BA,1.2,1.8,206,
3B,zh-cn,CA,AB_BA,1.5,0.3,360,
3B,zh-cn,CA,AB_BA,1.5,0.6,362,
3B,zh-cn,CA,AB_BA,1.5,0.8999999999999999,365,
3B,zh-cn,CA,AB_BA,1.5,1.2,370,
3B,zh-cn,CA,AB_BA,1.5,1.5,348,
3B,zh-cn,CA,AB_BA,1.5,1.8,278,
3B,zh-cn,CA,AB_BA,1.8,0.3,352,
3B,zh-cn,CA,AB_BA,1.8,0.6,341,
3B,zh-cn,CA,AB_BA,1.8,0.8999999999999999,342,
3B,zh-cn,CA,AB_BA,1.8,1.2,350,
3B,zh-cn,CA,AB_BA,1.8,1.5,335,
3B,zh-cn,CA,AB_BA,1.8,1.8,282,
3B,zh-cn,CA,AB_BA,2.1,0.3,342,
3B,zh-cn,CA,AB_BA,2.1,0.6,320,
3B,zh-cn,CA,AB_BA,2.1,0.8999999999999999,304,
3B,zh-cn,CA,AB_BA,2.1,1.2,311,
3B,zh-cn,CA,AB_BA,2.1,1.5,307,
3B,zh-cn,CA,AB_BA,2.1,1.8,263,
3B,zh-cn,CA,AB_BA,2.4,0.3,321,
3B,zh-cn,CA,AB_BA,2.4,0.6,290,
3B,zh-cn,CA,AB_BA,2.4,0.8999999999999999,277,
3B,zh-cn,CA,AB_BA,2.4,1.2,277,
3B,zh-cn,CA,AB_BA,2.4,1.5,272,
3B,zh-cn,CA,AB_BA,2.4,1.8,236,
3B,zh-cn,CA,AB_BA,2.7,0.3,300,
3B,zh-cn,CA,AB_BA,2.7,0.6,276,
3B,zh-cn,CA,AB_BA,2.7,0.8999999999999999,260,
3B,zh-cn,CA,AB_BA,2.7,1.2,249,
3B,zh-cn,CA,AB_BA,2.7,1.5,239,
3B,zh-cn,CA,AB_BA,2.7,1.8,203,
3B,zh-cn,CA,AB_BA,3.0,0.3,284,
3B,zh-cn,CA,AB_BA,3.0,0.6,260,
3B,zh-cn,CA,AB_BA,3.0,0.8999999999999999,247,
3B,zh-cn,CA,AB_BA,3.0,1.2,228,
3B,zh-cn,CA,AB_BA,3.0,1.5,208,
3B,zh-cn,CA,AB_BA,3.0,1.8,174,
3B,zh-cn,CA,AB_BA,0.3999999999999999,0.5,387,
3B,zh-cn,CA,AB_BA,0.3999999999999999,0.3999999999999999,389,
3B,zh-cn,CA,AB_BA,0.3999999999999999,0.7000000000000001,325,
3B,zh-cn,CA,AB_BA,0.3999999999999999,0.6000000000000001,377,
3B,zh-cn,CA,AB_BA,0.3999999999999999,0.8,262,
3B,zh-cn,CA,AB_BA,0.5,0.3999999999999999,388,
3B,zh-cn,CA,AB_BA,0.5,0.5,389,
3B,zh-cn,CA,AB_BA,0.5,0.6000000000000001,384,
3B,zh-cn,CA,AB_BA,0.5,0.8,311,
3B,zh-cn,CA,AB_BA,0.5,0.7000000000000001,370,
3B,zh-cn,CA,AB_BA,0.6000000000000001,0.5,388,
3B,zh-cn,CA,AB_BA,0.6000000000000001,0.3999999999999999,385,
3B,zh-cn,CA,AB_BA,0.6000000000000001,0.7000000000000001,385,
3B,zh-cn,CA,AB_BA,0.6000000000000001,0.8,369,
3B,zh-cn,CA,AB_BA,0.7000000000000001,0.3999999999999999,383,
3B,zh-cn,CA,AB_BA,0.7000000000000001,0.5,388,
3B,zh-cn,CA,AB_BA,0.7000000000000001,0.6000000000000001,390,389.0
3B,zh-cn,CA,AB_BA,0.7000000000000001,0.7000000000000001,388,
3B,zh-cn,CA,AB_BA,0.7000000000000001,0.8,387,
3B,zh-cn,CA,AB_BA,0.8,0.3999999999999999,381,
3B,zh-cn,CA,AB_BA,0.8,0.5,384,
3B,zh-cn,CA,AB_BA,0.8,0.6000000000000001,389,
3B,zh-cn,CA,AB_BA,0.8,0.7000000000000001,390,
3B,zh-cn,CA,AB_BA,0.8,0.8,389,
3B,zh-cn,CA,BC_CB,0.3,0.6,389,
3B,zh-cn,CA,BC_CB,0.3,0.3,389,
3B,zh-cn,CA,BC_CB,0.3,0.8999999999999999,387,
3B,zh-cn,CA,BC_CB,0.3,1.2,371,
3B,zh-cn,CA,BC_CB,0.3,1.5,281,
3B,zh-cn,CA,BC_CB,0.3,1.8,205,
3B,zh-cn,CA,BC_CB,0.6,0.3,388,
3B,zh-cn,CA,BC_CB,0.6,0.6,390,
3B,zh-cn,CA,BC_CB,0.6,0.8999999999999999,390,
3B,zh-cn,CA,BC_CB,0.6,1.2,385,
3B,zh-cn,CA,BC_CB,0.6,1.5,351,
3B,zh-cn,CA,BC_CB,0.6,1.8,307,
3B,zh-cn,CA,BC_CB,0.8999999999999999,0.3,390,
3B,zh-cn,CA,BC_CB,0.8999999999999999,0.6,391,
3B,zh-cn,CA,BC_CB,0.8999999999999999,0.8999999999999999,391,
3B,zh-cn,CA,BC_CB,0.8999999999999999,1.2,390,
3B,zh-cn,CA,BC_CB,0.8999999999999999,1.5,386,
3B,zh-cn,CA,BC_CB,0.8999999999999999,1.8,331,
3B,zh-cn,CA,BC_CB,1.2,0.3,391,
3B,zh-cn,CA,BC_CB,1.2,0.6,393,
3B,zh-cn,CA,BC_CB,1.2,0.8999999999999999,393,
3B,zh-cn,CA,BC_CB,1.2,1.2,393,
3B,zh-cn,CA,BC_CB,1.2,1.5,390,
3B,zh-cn,CA,BC_CB,1.2,1.8,390,
3B,zh-cn,CA,BC_CB,1.5,0.6,394,
3B,zh-cn,CA,BC_CB,1.5,0.3,391,
3B,zh-cn,CA,BC_CB,1.5,0.8999999999999999,395,
3B,zh-cn,CA,BC_CB,1.5,1.2,394,
3B,zh-cn,CA,BC_CB,1.5,1.8,391,
3B,zh-cn,CA,BC_CB,1.5,1.5,390,
3B,zh-cn,CA,BC_CB,1.8,0.3,391,
3B,zh-cn,CA,BC_CB,1.8,0.6,395,
3B,zh-cn,CA,BC_CB,1.8,0.8999999999999999,395,
3B,zh-cn,CA,BC_CB,1.8,1.2,394,
3B,zh-cn,CA,BC_CB,1.8,1.5,391,
3B,zh-cn,CA,BC_CB,1.8,1.8,390,
3B,zh-cn,CA,BC_CB,2.1,0.3,393,
3B,zh-cn,CA,BC_CB,2.1,0.6,394,
3B,zh-cn,CA,BC_CB,2.1,0.8999999999999999,394,
3B,zh-cn,CA,BC_CB,2.1,1.2,393,
3B,zh-cn,CA,BC_CB,2.1,1.5,390,
3B,zh-cn,CA,BC_CB,2.1,1.8,388,
3B,zh-cn,CA,BC_CB,2.4,0.3,392,
3B,zh-cn,CA,BC_CB,2.4,0.6,394,
3B,zh-cn,CA,BC_CB,2.4,0.8999999999999999,394,
3B,zh-cn,CA,BC_CB,2.4,1.2,393,
3B,zh-cn,CA,BC_CB,2.4,1.5,390,
3B,zh-cn,CA,BC_CB,2.4,1.8,388,
3B,zh-cn,CA,BC_CB,2.7,0.3,390,
3B,zh-cn,CA,BC_CB,2.7,0.6,395,
3B,zh-cn,CA,BC_CB,2.7,0.8999999999999999,394,
3B,zh-cn,CA,BC_CB,2.7,1.2,393,
3B,zh-cn,CA,BC_CB,2.7,1.5,390,
3B,zh-cn,CA,BC_CB,2.7,1.8,389,
3B,zh-cn,CA,BC_CB,3.0,0.3,390,
3B,zh-cn,CA,BC_CB,3.0,0.6,395,
3B,zh-cn,CA,BC_CB,3.0,0.8999999999999999,395,
3B,zh-cn,CA,BC_CB,3.0,1.2,393,
3B,zh-cn,CA,BC_CB,3.0,1.5,391,
3B,zh-cn,CA,BC_CB,3.0,1.8,388,
3B,zh-cn,CA,BC_CB,1.3,0.7,394,
3B,zh-cn,CA,BC_CB,1.3,0.7999999999999999,394,
3B,zh-cn,CA,BC_CB,1.3,0.8999999999999999,395,
3B,zh-cn,CA,BC_CB,1.3,1.0,395,
3B,zh-cn,CA,BC_CB,1.3,1.1,394,
3B,zh-cn,CA,BC_CB,1.4,0.7,394,
3B,zh-cn,CA,BC_CB,1.4,0.7999999999999999,395,
3B,zh-cn,CA,BC_CB,1.4,0.8999999999999999,395,
3B,zh-cn,CA,BC_CB,1.4,1.0,395,
3B,zh-cn,CA,BC_CB,1.4,1.1,394,
3B,zh-cn,CA,BC_CB,1.5000000000000002,0.7,395,
3B,zh-cn,CA,BC_CB,1.5000000000000002,0.7999999999999999,395,
3B,zh-cn,CA,BC_CB,1.5000000000000002,1.0,395,
3B,zh-cn,CA,BC_CB,1.5000000000000002,1.1,394,
3B,zh-cn,CA,BC_CB,1.6000000000000003,0.7,395,
3B,zh-cn,CA,BC_CB,1.6000000000000003,0.7999999999999999,395,
3B,zh-cn,CA,BC_CB,1.6000000000000003,0.8999999999999999,395,
3B,zh-cn,CA,BC_CB,1.6000000000000003,1.0,394,
3B,zh-cn,CA,BC_CB,1.6000000000000003,1.1,394,
3B,zh-cn,CA,BC_CB,1.7000000000000004,0.7,395,
3B,zh-cn,CA,BC_CB,1.7000000000000004,0.7999999999999999,396,396.0
3B,zh-cn,CA,BC_CB,1.7000000000000004,0.8999999999999999,395,
3B,zh-cn,CA,BC_CB,1.7000000000000004,1.0,395,
3B,zh-cn,CA,BC_CB,1.7000000000000004,1.1,395,
